speaker,epoch,segment,rms,is_silent,spectral_centroid_hz,spectral_entropy,spectral_bandwidth,high_freq_ratio,low_freq_energy,mid_freq_energy,high_freq_energy,is_missing_highs,is_low_complexity,is_overly_smooth,dynamic_range,filename
0,0,08_ha_seg004,0.03220964968204498,False,1744.1295273598275,7.222264766693115,1920.2526100358039,0.027565835043787956,0.7987015843391418,0.18600374460220337,0.015294685959815979,False,True,True,16.585756301879883,epoch000_train_08_ha_seg004_proc_spk0.wav
0,0,11_ha_seg145,0.03076283633708954,False,1960.9482140020968,6.135707378387451,2033.2902017659624,0.049012862145900726,0.8158782124519348,0.1692134141921997,0.01490833144634962,False,True,True,12.455224990844727,epoch000_train_11_ha_seg145_proc_spk0.wav
0,0,16_ha_seg020,0.028176672756671906,False,1936.259434264473,7.039115905761719,2134.2206028312594,0.03439502790570259,0.8684870600700378,0.10798633098602295,0.023526523262262344,False,True,True,14.00670051574707,epoch000_train_16_ha_seg020_proc_spk0.wav
0,2,08_ha_seg004,0.03605489432811737,False,1567.6543041665395,6.732701301574707,1898.7103279512064,0.014164750464260578,0.915324866771698,0.0775379166007042,0.007137265522032976,False,True,True,15.319879531860352,epoch002_train_08_ha_seg004_proc_spk0.wav
0,2,11_ha_seg145,0.054162006825208664,False,1485.817940189926,5.502963066101074,1779.6808339198078,0.006115675438195467,0.9279837608337402,0.06993096321821213,0.002085267100483179,True,True,True,11.430328369140625,epoch002_train_11_ha_seg145_proc_spk0.wav
0,2,16_ha_seg020,0.04922432452440262,False,1341.8919075961362,6.46798849105835,1806.4786322506368,0.008947617374360561,0.9678500294685364,0.027422841638326645,0.00472705764696002,True,True,True,13.00851821899414,epoch002_train_16_ha_seg020_proc_spk0.wav
0,4,08_ha_seg004,0.022588400170207024,False,1848.4026556887443,5.303533554077148,2254.0032738239347,0.02914523147046566,0.9609522223472595,0.031113702803850174,0.007934102788567543,False,True,True,18.72466468811035,epoch004_train_08_ha_seg004_proc_spk0.wav
0,4,11_ha_seg145,0.07586859911680222,False,1207.0268741796715,5.765799522399902,1469.777528034566,0.003814732190221548,0.9304031133651733,0.06833624839782715,0.0012606829404830933,True,True,True,11.511564254760742,epoch004_train_11_ha_seg145_proc_spk0.wav
0,4,16_ha_seg020,0.0469854511320591,False,1230.9432112429556,6.117232322692871,1741.474534284228,0.005954342894256115,0.9841188788414001,0.01274203322827816,0.0031390192452818155,True,True,True,12.836519241333008,epoch004_train_16_ha_seg020_proc_spk0.wav
0,6,08_ha_seg004,0.023079534992575645,False,1625.4581182958357,5.995331764221191,2018.3572336872414,0.023402981460094452,0.962538480758667,0.029425684362649918,0.008035835810005665,False,True,True,17.277816772460938,epoch006_train_08_ha_seg004_proc_spk0.wav
0,6,11_ha_seg145,0.07332664728164673,False,1765.1052473034142,6.673239707946777,1825.280511940622,0.055424924939870834,0.7810240387916565,0.20110516250133514,0.017870722338557243,False,True,True,12.186321258544922,epoch006_train_11_ha_seg145_proc_spk0.wav
0,6,16_ha_seg020,0.039137717336416245,False,1415.5847161003792,6.0960693359375,2034.067830244584,0.0574219785630703,0.9789958596229553,0.007990462705492973,0.013013645075261593,False,True,True,13.843804359436035,epoch006_train_16_ha_seg020_proc_spk0.wav
0,8,08_ha_seg004,0.026495130732655525,False,1647.0850388815293,5.410274982452393,1993.6661330587463,0.008737007156014442,0.974603533744812,0.02140594646334648,0.003990496043115854,True,True,True,19.57883644104004,epoch008_train_08_ha_seg004_proc_spk0.wav
0,8,11_ha_seg145,0.02605094574391842,False,1591.1962740946917,5.798764228820801,1945.0080785421183,0.00968068465590477,0.9560461640357971,0.039249666035175323,0.00470426119863987,True,True,True,11.37651252746582,epoch008_train_11_ha_seg145_proc_spk0.wav
0,8,16_ha_seg020,0.05479779094457626,False,1233.124575109515,5.996741771697998,1789.824657201428,0.015044867992401123,0.9886648058891296,0.007271377369761467,0.004063860513269901,False,True,True,13.439498901367188,epoch008_train_16_ha_seg020_proc_spk0.wav
0,10,08_ha_seg004,0.008540434762835503,False,2241.3099253446558,7.332050800323486,2285.619080841461,0.07938592880964279,0.8187416195869446,0.14278237521648407,0.03847599774599075,False,True,True,18.27326011657715,epoch010_train_08_ha_seg004_proc_spk0.wav
0,10,11_ha_seg145,0.05052421614527702,False,1094.8621152064982,5.519979000091553,1564.9498692851776,0.0027943789027631283,0.9905058741569519,0.008451088331639767,0.0010429967660456896,True,True,True,10.272100448608398,epoch010_train_11_ha_seg145_proc_spk0.wav
0,10,16_ha_seg020,0.05560367554426193,False,1188.4829710422262,5.825747013092041,1791.9024849004816,0.008288680575788021,0.989799439907074,0.007253825664520264,0.0029468194115906954,True,True,True,12.805007934570312,epoch010_train_16_ha_seg020_proc_spk0.wav
0,12,08_ha_seg004,0.026927543804049492,False,1588.911588058181,5.81087589263916,1940.8561044004787,0.017206702381372452,0.9460778832435608,0.047716088593006134,0.006206049583852291,False,True,True,17.244525909423828,epoch012_train_08_ha_seg004_proc_spk0.wav
0,12,11_ha_seg145,0.021368760615587234,False,1760.788495367075,5.925026893615723,1985.1457158597723,0.013586822897195816,0.9273059368133545,0.06530343741178513,0.007390608545392752,False,True,True,12.370285987854004,epoch012_train_11_ha_seg145_proc_spk0.wav
0,12,16_ha_seg020,0.06205769255757332,False,1027.7347321402472,5.764237403869629,1572.6719625269773,0.00405903859063983,0.9960245490074158,0.0027213513385504484,0.001254003494977951,True,True,True,17.601280212402344,epoch012_train_16_ha_seg020_proc_spk0.wav
0,14,08_ha_seg004,0.04230975732207298,False,1602.6168031478678,5.2999043464660645,2069.697816742625,0.06021996960043907,0.9752665758132935,0.011819119565188885,0.01291431114077568,False,True,True,20.24640655517578,epoch014_train_08_ha_seg004_proc_spk0.wav
0,14,11_ha_seg145,0.04218072444200516,False,1293.185351286329,5.931515693664551,1675.74242286757,0.01071122195571661,0.9639912247657776,0.03199603408575058,0.004012803081423044,False,True,True,10.65835189819336,epoch014_train_11_ha_seg145_proc_spk0.wav
0,14,16_ha_seg020,0.054784294217824936,False,1081.1288551198502,6.011638641357422,1621.7330209631532,0.0025014239363372326,0.9941856861114502,0.004366900306195021,0.001447355723939836,True,True,True,11.868097305297852,epoch014_train_16_ha_seg020_proc_spk0.wav
0,16,08_ha_seg004,0.04324839264154434,False,1635.4792304873324,5.037677764892578,1857.939378179321,0.0029993753414601088,0.9747944474220276,0.023568082600831985,0.0016373448306694627,True,True,True,20.253299713134766,epoch016_train_08_ha_seg004_proc_spk0.wav
0,16,11_ha_seg145,0.041313834488391876,False,1225.5350887132824,5.533477306365967,1624.2311987479864,0.002607212169095874,0.9824353456497192,0.015874238684773445,0.0016903941286727786,True,True,True,10.379124641418457,epoch016_train_11_ha_seg145_proc_spk0.wav
0,16,16_ha_seg020,0.043835531920194626,False,1276.6068152708317,6.032302379608154,1770.9264633895762,0.0052786231972277164,0.990912139415741,0.0066635217517614365,0.002424377715215087,True,True,True,14.579774856567383,epoch016_train_16_ha_seg020_proc_spk0.wav
0,18,08_ha_seg004,0.01296768244355917,False,2202.2641850387568,7.198811054229736,2236.0617584653405,0.1073608547449112,0.8111076951026917,0.1502469927072525,0.03864527493715286,False,True,True,20.696453094482422,epoch018_train_08_ha_seg004_proc_spk0.wav
0,18,11_ha_seg145,0.06298467516899109,False,1085.8651904855237,5.503407955169678,1515.9764781901533,0.0016320358263328671,0.9902012348175049,0.008693577721714973,0.001105232979170978,True,True,True,11.362483978271484,epoch018_train_11_ha_seg145_proc_spk0.wav
0,18,16_ha_seg020,0.05211932212114334,False,1193.1719597013591,5.314953804016113,1781.8843669847097,0.0030195610597729683,0.9943177103996277,0.00419875280931592,0.001483552041463554,True,True,True,16.88092041015625,epoch018_train_16_ha_seg020_proc_spk0.wav
0,20,08_ha_seg004,0.023294279351830482,False,1870.3393684643638,5.192147254943848,2084.53317074214,0.013014441356062889,0.9539622068405151,0.04112424701452255,0.00491365697234869,False,True,True,22.052745819091797,epoch020_train_08_ha_seg004_proc_spk0.wav
0,20,11_ha_seg145,0.04171674698591232,False,1167.2195174394988,5.612516403198242,1646.2995889392469,0.0039042860735207796,0.9885522723197937,0.009736084379255772,0.0017116096569225192,True,True,True,13.049572944641113,epoch020_train_11_ha_seg145_proc_spk0.wav
0,20,16_ha_seg020,0.05014151707291603,False,1122.219734453285,5.410412788391113,1729.7178528315799,0.0038578740786761045,0.995048999786377,0.003475412493571639,0.0014755036681890488,True,True,True,13.886723518371582,epoch020_train_16_ha_seg020_proc_spk0.wav
0,22,08_ha_seg004,0.026634814217686653,False,1798.793903618673,4.932468891143799,1991.8430768973549,0.004542850889265537,0.9560419917106628,0.04157907888293266,0.0023791214916855097,True,True,True,22.693674087524414,epoch022_train_08_ha_seg004_proc_spk0.wav
0,22,11_ha_seg145,0.055286992341279984,False,1109.3902461357618,5.762904167175293,1547.5597946535775,0.003021144773811102,0.9887715578079224,0.009852334856987,0.0013760250294581056,True,True,True,11.440043449401855,epoch022_train_11_ha_seg145_proc_spk0.wav
0,22,16_ha_seg020,0.03712477535009384,False,1330.1848424510886,5.936548233032227,1831.4109793964196,0.0038050562143325806,0.9929599165916443,0.005104731302708387,0.0019352894742041826,True,True,True,16.490982055664062,epoch022_train_16_ha_seg020_proc_spk0.wav
0,24,08_ha_seg004,0.028285475447773933,False,1640.1571719985584,5.724050045013428,1902.2323968586704,0.004132669419050217,0.9405626058578491,0.05758780241012573,0.0018495430704206228,True,True,True,19.85009765625,epoch024_train_08_ha_seg004_proc_spk0.wav
0,24,11_ha_seg145,0.06372720003128052,False,1301.7568445091936,5.837159156799316,1612.058305763489,0.0033874816726893187,0.9755504727363586,0.02214372530579567,0.0023057737853378057,True,True,True,12.209216117858887,epoch024_train_11_ha_seg145_proc_spk0.wav
0,24,16_ha_seg020,0.034457799047231674,False,1377.325972907207,5.878564834594727,1861.3099454752814,0.004068626090884209,0.9919950366020203,0.006010362412780523,0.0019946261309087276,True,True,True,16.253250122070312,epoch024_train_16_ha_seg020_proc_spk0.wav
0,26,08_ha_seg004,0.027554301545023918,False,1780.3493574100191,4.8651123046875,2052.4753740876968,0.006360542494803667,0.9711794257164001,0.026498595252633095,0.0023219806607812643,True,True,True,21.489486694335938,epoch026_train_08_ha_seg004_proc_spk0.wav
0,26,11_ha_seg145,0.04562605172395706,False,1265.6820583127799,5.860969066619873,1677.6510931720516,0.003473421325907111,0.9845671653747559,0.013314501382410526,0.0021184564102441072,True,True,True,12.339151382446289,epoch026_train_11_ha_seg145_proc_spk0.wav
0,26,16_ha_seg020,0.03610637038946152,False,1267.2859696443581,5.79285192489624,1778.1870393467298,0.0031466083601117134,0.9929161071777344,0.005409786012023687,0.0016740324208512902,True,True,True,15.957929611206055,epoch026_train_16_ha_seg020_proc_spk0.wav
0,28,08_ha_seg004,0.018500564619898796,False,1813.5996869676865,6.186946868896484,2049.0075636496704,0.008347157388925552,0.9346700310707092,0.06122991442680359,0.004100107122212648,True,True,True,21.445558547973633,epoch028_train_08_ha_seg004_proc_spk0.wav
0,28,11_ha_seg145,0.045503001660108566,False,1269.134997216516,5.953091621398926,1649.0404071740732,0.003046646947041154,0.983448326587677,0.014626400545239449,0.0019252938218414783,True,True,True,12.043863296508789,epoch028_train_11_ha_seg145_proc_spk0.wav
0,28,16_ha_seg020,0.030403953045606613,False,1389.1932314790454,5.442051410675049,1928.0545088265394,0.004609514959156513,0.9927297830581665,0.0051689851097762585,0.0021012083161622286,True,True,True,15.508126258850098,epoch028_train_16_ha_seg020_proc_spk0.wav
0,30,08_ha_seg004,0.018993880599737167,False,1961.6707665171152,6.144423484802246,2168.9604974067793,0.01188766211271286,0.9425737261772156,0.05271794646978378,0.0047081210650503635,False,True,True,21.81349754333496,epoch030_train_08_ha_seg004_proc_spk0.wav
0,30,11_ha_seg145,0.04792559891939163,False,1234.2001920232376,5.994597434997559,1645.0846167429181,0.0033035839442163706,0.9837049245834351,0.014322659000754356,0.0019723966252058744,True,True,True,11.719062805175781,epoch030_train_11_ha_seg145_proc_spk0.wav
0,30,16_ha_seg020,0.02733474038541317,False,1457.3982565889248,5.871369361877441,1934.992399414243,0.0057128313928842545,0.9898779392242432,0.007410833146423101,0.0027111321687698364,True,True,True,16.335376739501953,epoch030_train_16_ha_seg020_proc_spk0.wav
0,32,08_ha_seg004,0.03865613415837288,False,1747.0339368127275,4.425041675567627,1988.334639349207,0.0021025335881859064,0.9691766500473022,0.029868075624108315,0.0009551225230097771,True,True,True,24.990665435791016,epoch032_train_08_ha_seg004_proc_spk0.wav
0,32,11_ha_seg145,0.04895542189478874,False,1138.418235348667,5.896249294281006,1589.858562376797,0.002587847178801894,0.9906017184257507,0.008274227380752563,0.0011240802705287933,True,True,True,12.700870513916016,epoch032_train_11_ha_seg145_proc_spk0.wav
0,32,16_ha_seg020,0.035353463143110275,False,1264.239503286679,5.797900199890137,1786.0955279115992,0.003184038447216153,0.9933611154556274,0.005084032192826271,0.0015546814538538456,True,True,True,15.294267654418945,epoch032_train_16_ha_seg020_proc_spk0.wav
0,34,08_ha_seg004,0.03732170909643173,False,1623.4584743947942,5.103092670440674,1884.2051333827505,0.0024317556526511908,0.9589425921440125,0.04008921980857849,0.000968311564065516,True,True,True,20.555322647094727,epoch034_train_08_ha_seg004_proc_spk0.wav
0,34,11_ha_seg145,0.04563432186841965,False,1184.8155606123235,5.93734884262085,1610.021436293578,0.002550535136833787,0.986303985118866,0.01235438697040081,0.001341664814390242,True,True,True,13.478799819946289,epoch034_train_11_ha_seg145_proc_spk0.wav
0,34,16_ha_seg020,0.035565029829740524,False,1257.9715645829103,5.761404514312744,1785.8186953536097,0.003800509264692664,0.993148684501648,0.005287083797156811,0.0015642105136066675,True,True,True,15.493969917297363,epoch034_train_16_ha_seg020_proc_spk0.wav
0,36,08_ha_seg004,0.02599382773041725,False,1766.5659804681554,5.807736873626709,1995.0172530353304,0.004185997415333986,0.9428833723068237,0.055156007409095764,0.0019606344867497683,True,True,True,21.79584503173828,epoch036_train_08_ha_seg004_proc_spk0.wav
0,36,11_ha_seg145,0.04579620808362961,False,1185.4553514459628,6.063148498535156,1602.1788656772487,0.0034950815606862307,0.9801923632621765,0.018233105540275574,0.0015746555291116238,True,True,True,13.59084701538086,epoch036_train_11_ha_seg145_proc_spk0.wav
0,36,16_ha_seg020,0.03199160844087601,False,1336.9408490442586,5.662390232086182,1837.1663929341169,0.0035609996411949396,0.9917083382606506,0.006555433385074139,0.0017362660728394985,True,True,True,15.60324478149414,epoch036_train_16_ha_seg020_proc_spk0.wav
0,38,08_ha_seg004,0.03327028453350067,False,1720.465815424582,5.422485828399658,1958.4476889060584,0.003079331712797284,0.9576539993286133,0.04104479402303696,0.0013013486750423908,True,True,True,21.373004913330078,epoch038_train_08_ha_seg004_proc_spk0.wav
0,38,11_ha_seg145,0.037449099123477936,False,1299.7085864904705,6.291891098022461,1666.205373517319,0.005477786995470524,0.9607846140861511,0.036511726677417755,0.002703668549656868,True,True,True,12.152793884277344,epoch038_train_11_ha_seg145_proc_spk0.wav
0,38,16_ha_seg020,0.027892757207155228,False,1412.6415441341996,5.350174427032471,1948.5118230196622,0.0066191935911774635,0.9906629920005798,0.0067899348214268684,0.002546995412558317,True,True,True,15.294503211975098,epoch038_train_16_ha_seg020_proc_spk0.wav
0,40,08_ha_seg004,0.02447539195418358,False,1670.6552756825695,6.923712253570557,1966.9165223172633,0.005106799770146608,0.8337776064872742,0.16390421986579895,0.002318338491022587,True,True,True,25.87303924560547,epoch040_train_08_ha_seg004_proc_spk0.wav
0,40,11_ha_seg145,0.03965374454855919,False,1147.6638362875242,6.026562213897705,1662.702633341677,0.00601353170350194,0.9860654473304749,0.012033643200993538,0.0019009581301361322,True,True,True,12.269631385803223,epoch040_train_11_ha_seg145_proc_spk0.wav
0,40,16_ha_seg020,0.034706901758909225,False,1258.8740416610765,5.755932807922363,1760.7075309325728,0.0026246034540235996,0.9922924637794495,0.006350645329803228,0.0013569049770012498,True,True,True,16.522920608520508,epoch040_train_16_ha_seg020_proc_spk0.wav
0,42,08_ha_seg004,0.031044665724039078,False,1819.1018248166047,5.4051690101623535,2019.1547870164854,0.003316270187497139,0.9644702076911926,0.034067194908857346,0.001462738262489438,True,True,True,22.61225700378418,epoch042_train_08_ha_seg004_proc_spk0.wav
0,42,11_ha_seg145,0.03996330499649048,False,1181.0182878398298,6.0042829513549805,1627.0150345563122,0.004430633969604969,0.9819983243942261,0.016365837305784225,0.0016357812564820051,True,True,True,12.226469039916992,epoch042_train_11_ha_seg145_proc_spk0.wav
0,42,16_ha_seg020,0.03145027160644531,False,1334.3959438524244,5.6161789894104,1853.6291163493797,0.0035938816145062447,0.992233157157898,0.006043093744665384,0.0017238431610167027,True,True,True,15.643594741821289,epoch042_train_16_ha_seg020_proc_spk0.wav
0,44,08_ha_seg004,0.043716393411159515,False,1473.6527564186224,5.920435428619385,1771.6551535926556,0.0015087602660059929,0.9261059761047363,0.07322046160697937,0.0006735508795827627,True,True,True,20.651058197021484,epoch044_train_08_ha_seg004_proc_spk0.wav
0,44,11_ha_seg145,0.04085101932287216,False,1157.0214897459928,6.054992198944092,1567.2580722786954,0.002301532542333007,0.9780097007751465,0.02083483897149563,0.0011553623480722308,True,True,True,12.371560096740723,epoch044_train_11_ha_seg145_proc_spk0.wav
0,44,16_ha_seg020,0.02300991304218769,False,1559.2094053008843,5.516536712646484,2005.662249505524,0.006543360184878111,0.9879482388496399,0.009071119129657745,0.0029807290993630886,True,True,True,17.424209594726562,epoch044_train_16_ha_seg020_proc_spk0.wav
0,46,08_ha_seg004,0.016668006777763367,False,1880.5816029073621,6.116054534912109,2105.634933347069,0.009632422588765621,0.9534957408905029,0.04152275621891022,0.004981613717973232,True,True,True,19.867353439331055,epoch046_train_08_ha_seg004_proc_spk0.wav
0,46,11_ha_seg145,0.0394597090780735,False,1202.5799925080437,6.072690963745117,1577.9366792526757,0.0030763824470341206,0.9707998633384705,0.027932792901992798,0.0012673744931817055,True,True,True,13.013988494873047,epoch046_train_11_ha_seg145_proc_spk0.wav
0,46,16_ha_seg020,0.03199177607893944,False,1288.7217251922832,5.505350589752197,1812.2342999480775,0.0028444123454391956,0.9924508333206177,0.006067734677344561,0.0014813798479735851,True,True,True,17.248687744140625,epoch046_train_16_ha_seg020_proc_spk0.wav
0,48,08_ha_seg004,0.03980620950460434,False,1631.720453642827,5.5360260009765625,1886.8664760836307,0.002141915261745453,0.9502599835395813,0.048796482384204865,0.000943434308283031,True,True,True,20.80356216430664,epoch048_train_08_ha_seg004_proc_spk0.wav
0,48,11_ha_seg145,0.03900199010968208,False,1202.0500239387297,6.060328960418701,1605.801119719754,0.003968365490436554,0.9749615788459778,0.02351360395550728,0.0015247404808178544,True,True,True,13.044473648071289,epoch048_train_11_ha_seg145_proc_spk0.wav
0,48,16_ha_seg020,0.019107364118099213,False,1683.275766911308,5.498460292816162,2071.3218779489566,0.009380953386425972,0.9826352596282959,0.013066599145531654,0.004298137966543436,True,True,True,15.932703018188477,epoch048_train_16_ha_seg020_proc_spk0.wav
1,0,08_ha_seg004,0.023504994809627533,False,1639.6191675532273,1.8260949850082397,2206.22960886951,0.007476114667952061,0.9874004125595093,0.01002470776438713,0.0025748261250555515,True,True,True,8.023829460144043,epoch000_train_08_ha_seg004_proc_spk1.wav
1,0,11_ha_seg145,0.011890373192727566,False,2403.0255396683283,2.6644904613494873,2598.204135490959,0.05550293251872063,0.9689664840698242,0.01493180450052023,0.016101833432912827,False,True,True,8.766637802124023,epoch000_train_11_ha_seg145_proc_spk1.wav
1,0,16_ha_seg020,0.008056599646806717,False,2499.5399791124632,5.157915115356445,2467.4734388147895,0.14904730021953583,0.8867090940475464,0.06406694650650024,0.04922391101717949,False,True,True,11.140693664550781,epoch000_train_16_ha_seg020_proc_spk1.wav
1,2,08_ha_seg004,0.0054952832870185375,False,2912.454544024778,5.638821125030518,2673.862840375331,1.4461796283721924,0.6018808484077454,0.08827239274978638,0.3098466992378235,False,True,True,13.37677001953125,epoch002_train_08_ha_seg004_proc_spk1.wav
1,2,11_ha_seg145,0.004572399891912937,False,3280.4614532638107,5.716228485107422,2609.827351546895,0.41083845496177673,0.7625664472579956,0.09855793416500092,0.13887563347816467,False,True,False,12.55724048614502,epoch002_train_11_ha_seg145_proc_spk1.wav
1,2,16_ha_seg020,0.0074460506439208984,False,2539.7225627628386,3.721592426300049,2539.4897163805695,0.08653785288333893,0.9506219029426575,0.021722909063100815,0.027655303478240967,False,True,True,12.684525489807129,epoch002_train_16_ha_seg020_proc_spk1.wav
1,4,08_ha_seg004,0.008955403231084347,False,2434.1662943457045,1.2981139421463013,2728.2493274191816,0.02199944294989109,0.989406406879425,0.004365916363894939,0.0062276702374219894,False,True,True,11.381866455078125,epoch004_train_08_ha_seg004_proc_spk1.wav
1,4,11_ha_seg145,0.0061545101925730705,False,2907.0838033922328,2.9673378467559814,2764.5722268594222,0.1801387369632721,0.9409933686256409,0.015047826804220676,0.043958842754364014,False,True,True,10.363551139831543,epoch004_train_11_ha_seg145_proc_spk1.wav
1,4,16_ha_seg020,0.004170526284724474,False,2905.034290274649,3.8840103149414062,2619.4459536334366,0.14158296585083008,0.9262281656265259,0.03032061643898487,0.043451305478811264,False,True,True,11.789054870605469,epoch004_train_16_ha_seg020_proc_spk1.wav
1,6,08_ha_seg004,0.0048937611281871796,False,3013.3829689640156,2.8911960124969482,2705.6326003436648,0.08876756578683853,0.9547637104988098,0.015937291085720062,0.02929910272359848,False,True,True,19.047264099121094,epoch006_train_08_ha_seg004_proc_spk1.wav
1,6,11_ha_seg145,0.003942601848393679,False,2841.7986682824503,5.207517147064209,2520.965759515981,0.1727888286113739,0.8607587814331055,0.07783787697553635,0.061403386294841766,False,True,True,11.561498641967773,epoch006_train_11_ha_seg145_proc_spk1.wav
1,6,16_ha_seg020,0.004785266239196062,False,3190.809807828156,4.534038543701172,2648.251531652355,0.20305213332176208,0.9106221795082092,0.030309582129120827,0.05906817317008972,False,True,True,20.336612701416016,epoch006_train_16_ha_seg020_proc_spk1.wav
1,8,08_ha_seg004,0.0036414822097867727,False,3331.4903473887643,4.406231880187988,2602.363433836288,0.30468273162841797,0.8403465151786804,0.06215259060263634,0.09750077873468399,False,True,False,17.32540512084961,epoch008_train_08_ha_seg004_proc_spk1.wav
1,8,11_ha_seg145,0.005610966589301825,False,2636.9013388527183,5.437599182128906,2445.624359297535,0.12772132456302643,0.8764135241508484,0.0778045505285263,0.04578186199069023,False,True,True,13.590010643005371,epoch008_train_11_ha_seg145_proc_spk1.wav
1,8,16_ha_seg020,0.0031723566353321075,False,3203.2637547649542,6.264926910400391,2554.278160343415,0.2919917106628418,0.8021336197853088,0.09171468019485474,0.10615178942680359,False,True,False,21.48259735107422,epoch008_train_16_ha_seg020_proc_spk1.wav
1,10,08_ha_seg004,0.0022786769550293684,False,3460.881822121858,7.233902931213379,2533.9033644991814,0.4419603645801544,0.6984754800796509,0.15391334891319275,0.14761117100715637,False,True,False,24.321273803710938,epoch010_train_08_ha_seg004_proc_spk1.wav
1,10,11_ha_seg145,0.006862203124910593,False,2859.533972455575,4.916749477386475,2681.935267447941,0.8206673860549927,0.7777498364448547,0.04331972077488899,0.17893046140670776,False,True,True,10.91425895690918,epoch010_train_11_ha_seg145_proc_spk1.wav
1,10,16_ha_seg020,0.004804009106010199,False,2675.777653323479,7.119360446929932,2366.6500016116556,0.16135209798812866,0.79204922914505,0.1457149237394333,0.06223591789603233,False,True,False,20.302658081054688,epoch010_train_16_ha_seg020_proc_spk1.wav
1,12,08_ha_seg004,0.0028479669708758593,False,3357.354471273391,7.684489727020264,2475.339264255475,0.3643091917037964,0.6655654311180115,0.19037120044231415,0.14406341314315796,False,True,False,24.219982147216797,epoch012_train_08_ha_seg004_proc_spk1.wav
1,12,11_ha_seg145,0.007149865850806236,False,2461.2954580853434,5.515116214752197,2371.3733140256513,0.06361333280801773,0.9175399541854858,0.05679816007614136,0.025661906227469444,False,True,True,14.843716621398926,epoch012_train_11_ha_seg145_proc_spk1.wav
1,12,16_ha_seg020,0.005156553350389004,False,2816.188843816538,4.258115768432617,2509.0225486000923,0.1138395369052887,0.9104437828063965,0.048770297318696976,0.04078599810600281,False,True,True,14.78538990020752,epoch012_train_16_ha_seg020_proc_spk1.wav
1,14,08_ha_seg004,0.0019748664926737547,False,3474.867405674129,6.609023094177246,2477.28354416275,0.36309903860092163,0.7276508212089539,0.12490695714950562,0.1474423110485077,False,True,False,21.577436447143555,epoch014_train_08_ha_seg004_proc_spk1.wav
1,14,11_ha_seg145,0.00577223626896739,False,2556.627501190563,5.790123462677002,2462.1282370453864,0.19102448225021362,0.8744310140609741,0.07135362178087234,0.0542154423892498,False,True,True,17.280548095703125,epoch014_train_11_ha_seg145_proc_spk1.wav
1,14,16_ha_seg020,0.004965413361787796,False,2653.364274008559,6.565732955932617,2410.8690021733814,0.11719301342964172,0.8295986652374268,0.11535738408565521,0.05504406988620758,False,True,False,18.848173141479492,epoch014_train_16_ha_seg020_proc_spk1.wav
1,16,08_ha_seg004,0.001708986354060471,False,3378.834074321211,6.962725639343262,2554.413217779008,0.5058877468109131,0.7003055810928345,0.12342408299446106,0.17627032101154327,False,True,False,20.742774963378906,epoch016_train_08_ha_seg004_proc_spk1.wav
1,16,11_ha_seg145,0.0038254617247730494,False,2612.3292122111557,6.131269931793213,2428.3010958485,0.1204860657453537,0.8607834577560425,0.08610191196203232,0.05311473086476326,False,True,False,13.108963012695312,epoch016_train_11_ha_seg145_proc_spk1.wav
1,16,16_ha_seg020,0.0037407048512250185,False,2669.9484659921604,7.063257694244385,2394.6985328209025,0.14034916460514069,0.7886617183685303,0.1469675749540329,0.06437071412801743,False,True,False,15.31803035736084,epoch016_train_16_ha_seg020_proc_spk1.wav
1,18,08_ha_seg004,0.0017959459219127893,False,3439.470009914066,7.894928455352783,2539.1999464281234,0.3743876516819,0.7137718796730042,0.1382065862417221,0.14802145957946777,False,True,False,25.511547088623047,epoch018_train_08_ha_seg004_proc_spk1.wav
1,18,11_ha_seg145,0.007207728456705809,False,2355.117492955271,6.115398406982422,2328.5807440698586,0.04551168158650398,0.9465510249137878,0.037343669682741165,0.016105370596051216,False,True,True,18.983543395996094,epoch018_train_11_ha_seg145_proc_spk1.wav
1,18,16_ha_seg020,0.003792758332565427,False,2694.767472051257,6.343794822692871,2428.6657970585907,0.12427537888288498,0.8303772807121277,0.1151144951581955,0.054508276283741,False,True,False,20.09166717529297,epoch018_train_16_ha_seg020_proc_spk1.wav
1,20,08_ha_seg004,0.002134900540113449,False,3264.310047637549,5.339621543884277,2540.3492999405794,0.22278451919555664,0.8206719756126404,0.08518096059560776,0.09414723515510559,False,True,False,21.84372901916504,epoch020_train_08_ha_seg004_proc_spk1.wav
1,20,11_ha_seg145,0.005984395742416382,False,2510.5885125107757,6.086957931518555,2395.593725672352,0.06776091456413269,0.9417301416397095,0.03452327847480774,0.023746589198708534,False,True,False,21.225059509277344,epoch020_train_11_ha_seg145_proc_spk1.wav
1,20,16_ha_seg020,0.0035493976902216673,False,2735.6046313414895,6.870343208312988,2438.7519206229235,0.13751603662967682,0.8119277358055115,0.12131553888320923,0.06675675511360168,False,True,False,18.512405395507812,epoch020_train_16_ha_seg020_proc_spk1.wav
1,22,08_ha_seg004,0.0016882299678400159,False,3372.1044096643614,6.619437217712402,2519.6603227893993,0.29097723960876465,0.7818880081176758,0.10067771375179291,0.11743413656949997,False,True,False,22.384944915771484,epoch022_train_08_ha_seg004_proc_spk1.wav
1,22,11_ha_seg145,0.006596423219889402,False,2336.5665580621476,5.841683387756348,2312.3983838369027,0.03573320060968399,0.9541389346122742,0.03178524225950241,0.01407582312822342,False,True,True,18.957260131835938,epoch022_train_11_ha_seg145_proc_spk1.wav
1,22,16_ha_seg020,0.005302417557686567,False,2273.0289459092182,6.642575740814209,2274.653731651198,0.06619750708341599,0.8462312817573547,0.12509377300739288,0.02867489494383335,False,True,True,18.296072006225586,epoch022_train_16_ha_seg020_proc_spk1.wav
1,24,08_ha_seg004,0.001827842672355473,False,3245.6011166758826,4.780508518218994,2581.7736611287937,0.17231130599975586,0.8688187003135681,0.06017284095287323,0.07100847363471985,False,True,False,22.022613525390625,epoch024_train_08_ha_seg004_proc_spk1.wav
1,24,11_ha_seg145,0.004609114956110716,False,2359.2931131078763,6.299703598022461,2369.403101936907,0.05846575275063515,0.9391157627105713,0.03833635896444321,0.02254784107208252,False,True,True,19.96358871459961,epoch024_train_11_ha_seg145_proc_spk1.wav
1,24,16_ha_seg020,0.004564058501273394,False,2402.5905209364096,6.933495998382568,2342.049376317396,0.07463948428630829,0.8334342837333679,0.1313782036304474,0.035187333822250366,False,True,True,18.29499626159668,epoch024_train_16_ha_seg020_proc_spk1.wav
1,26,08_ha_seg004,0.0014912233455106616,False,3567.0721509120503,7.137138843536377,2523.601092512168,0.3943585157394409,0.7132502794265747,0.11874353140592575,0.16800613701343536,False,True,False,23.534011840820312,epoch026_train_08_ha_seg004_proc_spk1.wav
1,26,11_ha_seg145,0.004769084509462118,False,2440.3987621452284,6.293586730957031,2361.6644221119473,0.05782119184732437,0.935400128364563,0.041651446372270584,0.022948535159230232,False,True,False,19.259321212768555,epoch026_train_11_ha_seg145_proc_spk1.wav
1,26,16_ha_seg020,0.004768688231706619,False,2405.279665279007,6.855681419372559,2294.5752521691434,0.08228624612092972,0.8219950795173645,0.13712234795093536,0.04088258370757103,False,True,False,16.14035987854004,epoch026_train_16_ha_seg020_proc_spk1.wav
1,28,08_ha_seg004,0.0013558854116126895,False,3361.4205449627443,6.150230884552002,2552.0649153440286,0.26022765040397644,0.7990626692771912,0.09570502489805222,0.1052321121096611,False,True,False,21.90097999572754,epoch028_train_08_ha_seg004_proc_spk1.wav
1,28,11_ha_seg145,0.004250111058354378,False,2454.4070920245244,6.53315544128418,2357.1965259383037,0.06253929436206818,0.9274751543998718,0.046264149248600006,0.026260806247591972,False,True,False,19.68449592590332,epoch028_train_11_ha_seg145_proc_spk1.wav
1,28,16_ha_seg020,0.004020964726805687,False,2389.32959583688,6.931339740753174,2334.2520577903447,0.08417106419801712,0.8102785348892212,0.15217316150665283,0.037548258900642395,False,True,True,18.40058708190918,epoch028_train_16_ha_seg020_proc_spk1.wav
1,30,08_ha_seg004,0.0014565162127837539,False,3354.1942374091686,6.168911457061768,2517.7056577102476,0.22727303206920624,0.8166263103485107,0.08941737562417984,0.09395632892847061,False,True,False,22.383827209472656,epoch030_train_08_ha_seg004_proc_spk1.wav
1,30,11_ha_seg145,0.004230936989188194,False,2407.882717400647,6.511701583862305,2334.037001308388,0.05431361123919487,0.9358306527137756,0.04153044894337654,0.0226388331502676,False,True,False,18.162107467651367,epoch030_train_11_ha_seg145_proc_spk1.wav
1,30,16_ha_seg020,0.004324480891227722,False,2349.5778740652436,6.523153781890869,2324.7401450237016,0.0704091265797615,0.831800639629364,0.13531553745269775,0.03288387879729271,False,True,True,18.010780334472656,epoch030_train_16_ha_seg020_proc_spk1.wav
1,32,08_ha_seg004,0.0014794609742239118,False,3311.408853086103,5.538744926452637,2532.4743959777184,0.2030361443758011,0.8255779147148132,0.08454442024230957,0.08987757563591003,False,True,False,21.048620223999023,epoch032_train_08_ha_seg004_proc_spk1.wav
1,32,11_ha_seg145,0.003148541320115328,False,2536.385630086577,6.806498050689697,2394.932672788308,0.0969119518995285,0.8985296487808228,0.06377441436052322,0.03769591450691223,False,True,False,19.02340316772461,epoch032_train_11_ha_seg145_proc_spk1.wav
1,32,16_ha_seg020,0.003966937772929668,False,2393.0768148236048,6.837937355041504,2337.6026517082623,0.08139622211456299,0.8111014366149902,0.15077558159828186,0.03812294080853462,False,True,True,17.74789047241211,epoch032_train_16_ha_seg020_proc_spk1.wav
1,34,08_ha_seg004,0.0013510703574866056,False,3452.886514531895,6.073672294616699,2502.6488504197987,0.28359559178352356,0.7619372010231018,0.11203371733427048,0.1260291039943695,False,True,False,20.40773582458496,epoch034_train_08_ha_seg004_proc_spk1.wav
1,34,11_ha_seg145,0.0032500997185707092,False,2460.3666638202235,6.818552494049072,2370.0454259627145,0.08019592612981796,0.9034208059310913,0.062340036034584045,0.03423912823200226,False,True,False,19.125566482543945,epoch034_train_11_ha_seg145_proc_spk1.wav
1,34,16_ha_seg020,0.0039030283223837614,False,2367.419279765988,6.867921829223633,2323.7946688596567,0.07537484169006348,0.8202797174453735,0.14387205243110657,0.03584810718894005,False,True,True,18.978153228759766,epoch034_train_16_ha_seg020_proc_spk1.wav
1,36,08_ha_seg004,0.0011552234645932913,False,3406.894276515282,6.8817901611328125,2518.057786495336,0.36779409646987915,0.7143382430076599,0.13653291761875153,0.14912882447242737,False,True,False,20.078872680664062,epoch036_train_08_ha_seg004_proc_spk1.wav
1,36,11_ha_seg145,0.003255997085943818,False,2504.576005054452,6.655948162078857,2392.723896657775,0.08849655836820602,0.9093514680862427,0.055074822157621384,0.03557375818490982,False,True,False,19.028261184692383,epoch036_train_11_ha_seg145_proc_spk1.wav
1,36,16_ha_seg020,0.003677612403407693,False,2395.8956108897005,6.840530872344971,2327.9916043249386,0.07798505574464798,0.816062331199646,0.14719009399414062,0.03674754127860069,False,True,False,18.959213256835938,epoch036_train_16_ha_seg020_proc_spk1.wav
1,38,08_ha_seg004,0.0013379051815718412,False,3420.216306783166,6.1725945472717285,2493.133522985659,0.27750980854034424,0.7495509386062622,0.11371680349111557,0.13673222064971924,False,True,False,21.499183654785156,epoch038_train_08_ha_seg004_proc_spk1.wav
1,38,11_ha_seg145,0.0033964822068810463,False,2546.095388089167,6.768241882324219,2395.6049653152677,0.08748228847980499,0.9053985476493835,0.06017564982175827,0.034425895661115646,False,True,False,19.43607521057129,epoch038_train_11_ha_seg145_proc_spk1.wav
1,38,16_ha_seg020,0.0037272777408361435,False,2424.146092758274,6.735790252685547,2361.3734155123216,0.08782867342233658,0.8182020783424377,0.14305108785629272,0.038746822625398636,False,True,True,19.09889030456543,epoch038_train_16_ha_seg020_proc_spk1.wav
1,40,08_ha_seg004,0.0014015715569257736,False,3364.871994114879,5.687750816345215,2510.996185833902,0.22315220534801483,0.8014797568321228,0.09797743707895279,0.10054288804531097,False,True,False,23.188905715942383,epoch040_train_08_ha_seg004_proc_spk1.wav
1,40,11_ha_seg145,0.003269891021773219,False,2430.6958702768684,6.695224761962891,2392.1522505630496,0.07586594671010971,0.9124113917350769,0.05694938451051712,0.030639376491308212,False,True,False,17.85481834411621,epoch040_train_11_ha_seg145_proc_spk1.wav
1,40,16_ha_seg020,0.003875658381730318,False,2340.895292616763,6.560044765472412,2324.648208396077,0.06629037111997604,0.8387238383293152,0.12951654195785522,0.0317595973610878,False,True,True,17.730846405029297,epoch040_train_16_ha_seg020_proc_spk1.wav
1,42,08_ha_seg004,0.001182759995572269,False,3424.112777275061,7.0178632736206055,2478.4962166976475,0.3101520538330078,0.7203488349914551,0.137380912899971,0.1422702819108963,False,True,False,21.965721130371094,epoch042_train_08_ha_seg004_proc_spk1.wav
1,42,11_ha_seg145,0.0030494993552565575,False,2504.4426647993814,6.9095540046691895,2412.0081625254224,0.09795234352350235,0.8988565802574158,0.06371068209409714,0.037432678043842316,False,True,False,18.471282958984375,epoch042_train_11_ha_seg145_proc_spk1.wav
1,42,16_ha_seg020,0.0036585009656846523,False,2404.521067580707,6.837980270385742,2346.3371472835756,0.07768140733242035,0.8184337019920349,0.14451517164707184,0.03705105930566788,False,True,False,18.9637451171875,epoch042_train_16_ha_seg020_proc_spk1.wav
1,44,08_ha_seg004,0.0012754724593833089,False,3417.9884233370994,5.766819953918457,2529.2095873906487,0.2807579040527344,0.7767879366874695,0.1032445877790451,0.11996745318174362,False,True,False,19.662033081054688,epoch044_train_08_ha_seg004_proc_spk1.wav
1,44,11_ha_seg145,0.003360743634402752,False,2431.234364508348,6.661264896392822,2398.3300929563575,0.07409918308258057,0.919824481010437,0.05021382495760918,0.029961710795760155,False,True,False,18.4663028717041,epoch044_train_11_ha_seg145_proc_spk1.wav
1,44,16_ha_seg020,0.00357366306707263,False,2378.356515304911,6.774472713470459,2322.6343323218607,0.07622084766626358,0.8258780241012573,0.13883769512176514,0.035284239798784256,False,True,True,17.409099578857422,epoch044_train_16_ha_seg020_proc_spk1.wav
1,46,08_ha_seg004,0.0012525500496849418,False,3376.5949089110486,6.711369037628174,2509.19281081039,0.2625962793827057,0.774712860584259,0.10742036998271942,0.11786683648824692,False,True,False,22.494775772094727,epoch046_train_08_ha_seg004_proc_spk1.wav
1,46,11_ha_seg145,0.003417684230953455,False,2443.5848698226273,6.615895748138428,2403.4048346721547,0.07678449153900146,0.922622799873352,0.04754340276122093,0.02983374148607254,False,True,False,18.263723373413086,epoch046_train_11_ha_seg145_proc_spk1.wav
1,46,16_ha_seg020,0.003814464434981346,False,2394.954442250918,6.511505603790283,2339.1719598532777,0.0719216987490654,0.8389034867286682,0.12746144831180573,0.033635083585977554,False,True,True,18.14012908935547,epoch046_train_16_ha_seg020_proc_spk1.wav
1,48,08_ha_seg004,0.0014472049660980701,False,3358.1241689400604,5.684465408325195,2502.1524995627897,0.22822454571723938,0.8052521347999573,0.09119317680597305,0.10355467349290848,False,True,False,22.18693733215332,epoch048_train_08_ha_seg004_proc_spk1.wav
1,48,11_ha_seg145,0.0032032132148742676,False,2536.1311135385495,6.841221809387207,2416.2049119720978,0.08920551091432571,0.8971234560012817,0.06500791013240814,0.0378686785697937,False,True,False,17.662744522094727,epoch048_train_11_ha_seg145_proc_spk1.wav
1,48,16_ha_seg020,0.003543347818776965,False,2396.7319059383335,6.696143627166748,2335.434426666458,0.07398536801338196,0.8240805864334106,0.13914014399051666,0.036779291927814484,False,True,True,18.044296264648438,epoch048_train_16_ha_seg020_proc_spk1.wav
2,0,08_ha_seg004,0.00677891680970788,False,2479.5449763133997,6.921136379241943,2421.210577012645,0.17719516158103943,0.7997093796730042,0.13678370416164398,0.06350698322057724,False,True,True,17.155609130859375,epoch000_train_08_ha_seg004_proc_spk2.wav
2,0,11_ha_seg145,0.025303248316049576,False,1808.7322104198502,1.680081844329834,2314.7788068893915,0.012474383227527142,0.9859601259231567,0.010362081229686737,0.003677790518850088,False,True,True,6.645626068115234,epoch000_train_11_ha_seg145_proc_spk2.wav
2,0,16_ha_seg020,0.014363802969455719,False,2043.4415020744627,3.096118927001953,2407.1745000718865,0.06563280522823334,0.9609630703926086,0.020980361849069595,0.01805669255554676,False,True,True,9.305340766906738,epoch000_train_16_ha_seg020_proc_spk2.wav
2,2,08_ha_seg004,0.004587702453136444,False,3039.645622980065,6.277640342712402,2610.3185105244524,0.6473028063774109,0.7150754928588867,0.11630187183618546,0.16862259805202484,False,True,False,21.8819637298584,epoch002_train_08_ha_seg004_proc_spk2.wav
2,2,11_ha_seg145,0.004326025955379009,False,3102.2186633130636,7.519953727722168,2561.3781788133606,0.8935989737510681,0.41803112626075745,0.3615887761116028,0.22037994861602783,False,True,False,16.578357696533203,epoch002_train_11_ha_seg145_proc_spk2.wav
2,2,16_ha_seg020,0.005682299379259348,False,2658.3020142894143,6.8584699630737305,2481.2638616154036,0.10665951669216156,0.8795254826545715,0.07866246998310089,0.041812121868133545,False,True,False,19.763668060302734,epoch002_train_16_ha_seg020_proc_spk2.wav
2,4,08_ha_seg004,0.0034035842400044203,False,3257.2054919867633,6.361821174621582,2496.515324811698,0.199753537774086,0.7781301140785217,0.12814518809318542,0.09372483193874359,False,True,False,21.587858200073242,epoch004_train_08_ha_seg004_proc_spk2.wav
2,4,11_ha_seg145,0.0059835524298250675,False,2851.4916258711137,3.4305126667022705,2684.4088766085038,0.25105607509613037,0.9057763814926147,0.03130953386425972,0.0629141703248024,False,True,True,10.193591117858887,epoch004_train_11_ha_seg145_proc_spk2.wav
2,4,16_ha_seg020,0.005751566495746374,False,2879.2723785613975,2.441760540008545,2659.6399116018606,0.06365799903869629,0.9519482851028442,0.02175791561603546,0.026293763890862465,False,True,True,12.213790893554688,epoch004_train_16_ha_seg020_proc_spk2.wav
2,6,08_ha_seg004,0.0033683665096759796,False,3121.675199519617,7.498497009277344,2477.1655900885717,0.20126910507678986,0.8068333268165588,0.11442498117685318,0.07874190807342529,False,True,False,25.831663131713867,epoch006_train_08_ha_seg004_proc_spk2.wav
2,6,11_ha_seg145,0.008510870859026909,False,2357.4255769396627,6.861260414123535,2348.6659770764913,0.06456916034221649,0.922659695148468,0.056623686105012894,0.020716557279229164,False,True,True,14.19823169708252,epoch006_train_11_ha_seg145_proc_spk2.wav
2,6,16_ha_seg020,0.004015508107841015,False,2686.024782032766,6.7483134269714355,2491.830969545765,0.1072811484336853,0.8949447870254517,0.05631543695926666,0.0487397275865078,False,True,False,18.723737716674805,epoch006_train_16_ha_seg020_proc_spk2.wav
2,8,08_ha_seg004,0.002742945682257414,False,3376.1814954566826,6.1916303634643555,2566.4843959006034,0.23166285455226898,0.8900197744369507,0.039489973336458206,0.0704900473356247,False,True,False,23.61016845703125,epoch008_train_08_ha_seg004_proc_spk2.wav
2,8,11_ha_seg145,0.003909156657755375,False,2197.7487246211876,6.637466907501221,2356.4536146314827,0.11947176605463028,0.9230465888977051,0.04167259857058525,0.03528088703751564,False,True,True,15.032083511352539,epoch008_train_11_ha_seg145_proc_spk2.wav
2,8,16_ha_seg020,0.0024630283005535603,False,3029.553617620365,6.643846035003662,2477.0648398777957,0.15252606570720673,0.8746505975723267,0.060023240745067596,0.06532604992389679,False,True,False,17.98517608642578,epoch008_train_16_ha_seg020_proc_spk2.wav
2,10,08_ha_seg004,0.001540433382615447,False,3292.3093688910403,5.811678409576416,2651.2953942914414,0.25771844387054443,0.889065682888031,0.038053546100854874,0.07288090139627457,False,True,True,20.917343139648438,epoch010_train_08_ha_seg004_proc_spk2.wav
2,10,11_ha_seg145,0.0026309634558856487,False,2454.6939421159054,6.212230205535889,2453.044345114749,0.11953505128622055,0.8926387429237366,0.06675194203853607,0.04060932993888855,False,True,True,11.892666816711426,epoch010_train_11_ha_seg145_proc_spk2.wav
2,10,16_ha_seg020,0.002328902715817094,False,2952.2661170547044,6.333856105804443,2553.6113410138696,0.22945867478847504,0.904441773891449,0.028774891048669815,0.06678331643342972,False,True,False,19.010879516601562,epoch010_train_16_ha_seg020_proc_spk2.wav
2,12,08_ha_seg004,0.0021839672699570656,False,2862.884494922601,3.023815155029297,2641.2623145536527,0.0861092284321785,0.9593598246574402,0.014202446676790714,0.026437850669026375,False,True,True,17.424270629882812,epoch012_train_08_ha_seg004_proc_spk2.wav
2,12,11_ha_seg145,0.002380647696554661,False,2537.344413754768,6.389725208282471,2438.1327769162526,0.06547151505947113,0.9394725561141968,0.03395874425768852,0.026568660512566566,False,True,True,16.788837432861328,epoch012_train_11_ha_seg145_proc_spk2.wav
2,12,16_ha_seg020,0.0018999717431142926,False,3336.450526975597,6.64664888381958,2586.555332742232,0.1882334053516388,0.9202276468276978,0.02413780242204666,0.055634643882513046,False,True,False,22.765487670898438,epoch012_train_16_ha_seg020_proc_spk2.wav
2,14,08_ha_seg004,0.000966641993727535,True,3383.043884395826,5.637190818786621,2648.1667462212054,0.26370638608932495,0.8949767351150513,0.02855185605585575,0.07647129148244858,False,True,False,24.421810150146484,epoch014_train_08_ha_seg004_proc_spk2.wav
2,14,11_ha_seg145,0.0018090646481141448,False,2355.612260985854,6.623242378234863,2497.0268913640066,0.27769526839256287,0.8883391618728638,0.043993789702653885,0.06766701489686966,False,True,True,15.66792106628418,epoch014_train_11_ha_seg145_proc_spk2.wav
2,14,16_ha_seg020,0.0018949874211102724,False,2953.0695645081214,6.32761287689209,2481.434819627454,0.08803427219390869,0.9495798349380493,0.02236170694231987,0.028058532625436783,False,True,False,21.212791442871094,epoch014_train_16_ha_seg020_proc_spk2.wav
2,16,08_ha_seg004,0.0006683269748464227,True,3186.761128571353,5.45432186126709,2476.2109163785644,0.16844893991947174,0.8316400647163391,0.09308260679244995,0.07527735084295273,False,True,False,20.974411010742188,epoch016_train_08_ha_seg004_proc_spk2.wav
2,16,11_ha_seg145,0.001952674356289208,False,2410.6788788546287,6.449506759643555,2460.2527552214838,0.09390918165445328,0.9496805667877197,0.02163494937121868,0.028684552758932114,False,True,True,17.357200622558594,epoch016_train_11_ha_seg145_proc_spk2.wav
2,16,16_ha_seg020,0.001435204059816897,False,2851.2645719653005,4.518707752227783,2565.961461580175,0.08279997855424881,0.9547536969184875,0.017454927787184715,0.02779136225581169,False,True,True,18.658767700195312,epoch016_train_16_ha_seg020_proc_spk2.wav
2,18,08_ha_seg004,0.0006550984689965844,True,3566.8047582665345,6.840381145477295,2618.9999847305244,0.5174462795257568,0.7349978089332581,0.10107553005218506,0.1639266014099121,False,True,False,20.330833435058594,epoch018_train_08_ha_seg004_proc_spk2.wav
2,18,11_ha_seg145,0.0016539874486625195,False,2539.417500452919,6.515040874481201,2519.794639106854,0.3200232684612274,0.9039667844772339,0.022976867854595184,0.07305653393268585,False,True,True,16.5184383392334,epoch018_train_11_ha_seg145_proc_spk2.wav
2,18,16_ha_seg020,0.0009862632723525167,True,2991.468590360621,6.623511791229248,2483.273184995986,0.1306608021259308,0.9033856987953186,0.04403708875179291,0.05257720127701759,False,True,False,18.846784591674805,epoch018_train_16_ha_seg020_proc_spk2.wav
2,20,08_ha_seg004,0.0005764105007983744,True,3291.3648316076014,5.5944390296936035,2574.8493598875452,0.2661486268043518,0.834928035736084,0.06684297323226929,0.09822884202003479,False,True,False,21.364059448242188,epoch020_train_08_ha_seg004_proc_spk2.wav
2,20,11_ha_seg145,0.0019775789696723223,False,2171.496861381698,6.482581615447998,2343.149126285688,0.06962942332029343,0.9556964039802551,0.022990887984633446,0.02131267450749874,False,True,True,16.023958206176758,epoch020_train_11_ha_seg145_proc_spk2.wav
2,20,16_ha_seg020,0.0009746504947543144,True,3048.236365448319,6.731471538543701,2386.986459943643,0.10889587551355362,0.8904373049736023,0.055900804698467255,0.0536620207130909,False,True,False,19.0412540435791,epoch020_train_16_ha_seg020_proc_spk2.wav
2,22,08_ha_seg004,0.0004913731827400625,True,3534.309035162674,8.038629531860352,2422.2459731773433,0.32340195775032043,0.7184647917747498,0.13125558197498322,0.15027950704097748,False,False,False,23.50293731689453,epoch022_train_08_ha_seg004_proc_spk2.wav
2,22,11_ha_seg145,0.0020250144880264997,False,2012.9138622177527,6.463231086730957,2238.654923126189,0.04630274698138237,0.959618330001831,0.02536509558558464,0.015016508288681507,False,True,True,16.911453247070312,epoch022_train_11_ha_seg145_proc_spk2.wav
2,22,16_ha_seg020,0.0008857703651301563,True,3097.996004677903,6.852467060089111,2484.9409766830863,0.19282026588916779,0.874663233757019,0.053992100059986115,0.07134470343589783,False,True,False,20.05213737487793,epoch022_train_16_ha_seg020_proc_spk2.wav
2,24,08_ha_seg004,0.0004565735289361328,True,3306.1878660059338,7.1044535636901855,2505.4315265334735,0.3033792972564697,0.7770099639892578,0.10671038180589676,0.11627962440252304,False,True,False,25.38149070739746,epoch024_train_08_ha_seg004_proc_spk2.wav
2,24,11_ha_seg145,0.0016129451105371118,False,2034.9215321772665,6.646478652954102,2266.301073613999,0.054069239646196365,0.9429319500923157,0.038520507514476776,0.018547525629401207,False,True,True,16.142549514770508,epoch024_train_11_ha_seg145_proc_spk2.wav
2,24,16_ha_seg020,0.000871107098646462,True,2944.711331460002,6.650824546813965,2456.603948871315,0.11075733602046967,0.9155388474464417,0.041472382843494415,0.04298891872167587,False,True,False,22.777320861816406,epoch024_train_16_ha_seg020_proc_spk2.wav
2,26,08_ha_seg004,0.0004335201228968799,True,3318.438612439606,7.458624362945557,2486.7453317925642,0.35341745615005493,0.7533824443817139,0.11173776537179947,0.13487987220287323,False,True,False,23.31188201904297,epoch026_train_08_ha_seg004_proc_spk2.wav
2,26,11_ha_seg145,0.0015415067318826914,False,2050.9655369369375,6.549849987030029,2249.6253667440387,0.03806725889444351,0.9569368362426758,0.028258252888917923,0.014804952777922153,False,True,True,15.298982620239258,epoch026_train_11_ha_seg145_proc_spk2.wav
2,26,16_ha_seg020,0.0009235648903995752,True,2794.9122464241022,6.59898567199707,2409.3758975787814,0.07194994390010834,0.9302738308906555,0.037904102355241776,0.031822122633457184,False,True,False,21.137941360473633,epoch026_train_16_ha_seg020_proc_spk2.wav
2,28,08_ha_seg004,0.0004261278663761914,True,3557.756758069161,7.860592842102051,2445.1978962371654,0.6444182991981506,0.6600896716117859,0.12917853891849518,0.21073174476623535,False,True,False,22.945119857788086,epoch028_train_08_ha_seg004_proc_spk2.wav
2,28,11_ha_seg145,0.0014077505329623818,False,1961.1031889154547,6.663431167602539,2204.0902894880237,0.03678428381681442,0.9508914947509766,0.034439556300640106,0.014668868854641914,False,True,True,14.104743003845215,epoch028_train_11_ha_seg145_proc_spk2.wav
2,28,16_ha_seg020,0.0007763436296954751,True,2874.845793042546,6.791154861450195,2430.498668054525,0.08697564899921417,0.9187105894088745,0.0429668202996254,0.03832264244556427,False,True,False,21.10776710510254,epoch028_train_16_ha_seg020_proc_spk2.wav
2,30,08_ha_seg004,0.00034406420309096575,True,3426.1675330343287,8.076531410217285,2488.9437795567837,0.3645169138908386,0.7029514908790588,0.144953653216362,0.1520949900150299,False,False,False,25.021879196166992,epoch030_train_08_ha_seg004_proc_spk2.wav
2,30,11_ha_seg145,0.0012665793765336275,False,2232.9384249160335,6.890002250671387,2377.5071346321743,0.09339562058448792,0.920485258102417,0.04648121818900108,0.03303353488445282,False,True,True,14.327359199523926,epoch030_train_11_ha_seg145_proc_spk2.wav
2,30,16_ha_seg020,0.0007860362529754639,True,2772.836731213252,6.72586727142334,2421.1226226771723,0.08112264424562454,0.9227175116539001,0.04333269223570824,0.03394961729645729,False,True,False,21.089696884155273,epoch030_train_16_ha_seg020_proc_spk2.wav
2,32,08_ha_seg004,0.00041554163908585906,True,3547.6191534617747,8.267253875732422,2392.0954169316847,0.358626127243042,0.6274576187133789,0.1734960526227951,0.1990462690591812,False,False,False,24.206348419189453,epoch032_train_08_ha_seg004_proc_spk2.wav
2,32,11_ha_seg145,0.0012900852598249912,False,2014.347433525176,6.731422424316406,2255.3494591032995,0.04166119918227196,0.9435268044471741,0.038816116750240326,0.017657199874520302,False,True,True,14.93680477142334,epoch032_train_11_ha_seg145_proc_spk2.wav
2,32,16_ha_seg020,0.0007049501873552799,True,2858.0652630067993,6.8859734535217285,2421.142393185619,0.09664249420166016,0.9054378867149353,0.051834989339113235,0.042727287858724594,False,True,False,21.322755813598633,epoch032_train_16_ha_seg020_proc_spk2.wav
2,34,08_ha_seg004,0.00037475296994671226,True,3299.733632718386,7.414897918701172,2461.8024442335354,0.23160195350646973,0.7767786979675293,0.11239717155694962,0.11082422733306885,False,True,False,24.01656150817871,epoch034_train_08_ha_seg004_proc_spk2.wav
2,34,11_ha_seg145,0.0012552710250020027,False,2044.3702700730971,6.81557559967041,2254.0527951554104,0.04528462141752243,0.9401246309280396,0.04083338379859924,0.01904181018471718,False,True,True,14.759832382202148,epoch034_train_11_ha_seg145_proc_spk2.wav
2,34,16_ha_seg020,0.0007330771186389029,True,2950.1748795041253,6.959818363189697,2393.810481809977,0.09803737699985504,0.9021980166435242,0.05251152068376541,0.045290589332580566,False,True,False,20.687355041503906,epoch034_train_16_ha_seg020_proc_spk2.wav
2,36,08_ha_seg004,0.00033706563408486545,True,3379.060555148214,8.085307121276855,2478.980317676713,0.3388919234275818,0.7162366509437561,0.14412494003772736,0.13963839411735535,False,False,False,22.363813400268555,epoch036_train_08_ha_seg004_proc_spk2.wav
2,36,11_ha_seg145,0.0012025163741782308,False,2007.6396751554387,6.900144577026367,2240.4348250954567,0.048511095345020294,0.9324502348899841,0.04797125980257988,0.019578425213694572,False,True,True,14.897991180419922,epoch036_train_11_ha_seg145_proc_spk2.wav
2,36,16_ha_seg020,0.0006786950980313122,True,3112.146454123653,7.260130882263184,2410.248866764392,0.14733362197875977,0.8677114844322205,0.05728932470083237,0.07499916106462479,False,True,False,19.905832290649414,epoch036_train_16_ha_seg020_proc_spk2.wav
2,38,08_ha_seg004,0.0003399374254513532,True,3418.1307653043414,8.006040573120117,2440.59802885087,0.33296120166778564,0.7085989713668823,0.14676915109157562,0.1446320116519928,False,False,False,24.359121322631836,epoch038_train_08_ha_seg004_proc_spk2.wav
2,38,11_ha_seg145,0.0011402434902265668,False,2104.671177024273,6.88977575302124,2282.904640877903,0.05561194568872452,0.932628870010376,0.044937264174222946,0.022433919832110405,False,True,True,14.307007789611816,epoch038_train_11_ha_seg145_proc_spk2.wav
2,38,16_ha_seg020,0.0007253101794049144,True,2981.792271102935,7.113210678100586,2401.8822461672635,0.11968296766281128,0.8881646394729614,0.05998954549431801,0.05184585228562355,False,True,False,20.746402740478516,epoch038_train_16_ha_seg020_proc_spk2.wav
2,40,08_ha_seg004,0.000360307953087613,True,3481.2820376993427,7.745450973510742,2458.6987774074564,0.28345543146133423,0.7657748460769653,0.1108572706580162,0.12336800992488861,False,True,False,23.06346893310547,epoch040_train_08_ha_seg004_proc_spk2.wav
2,40,11_ha_seg145,0.001169875031337142,False,2070.9577794350316,6.8831257820129395,2278.658540992474,0.05010339990258217,0.9347158670425415,0.04429022967815399,0.020994001999497414,False,True,True,14.128829956054688,epoch040_train_11_ha_seg145_proc_spk2.wav
2,40,16_ha_seg020,0.0006824167794547975,True,2869.402714134845,7.085906982421875,2399.2779660583255,0.09829521924257278,0.8974553346633911,0.057465698570013046,0.045078881084918976,False,True,False,19.858333587646484,epoch040_train_16_ha_seg020_proc_spk2.wav
2,42,08_ha_seg004,0.00032733092666603625,True,3515.2205906759227,8.566768646240234,2465.4875215364314,0.4721442461013794,0.626028835773468,0.17377136647701263,0.20019985735416412,False,False,False,22.251291275024414,epoch042_train_08_ha_seg004_proc_spk2.wav
2,42,11_ha_seg145,0.0010742879239842296,False,2077.8394017174605,6.901275634765625,2269.33263232887,0.04839589446783066,0.9353790879249573,0.04354314133524895,0.021077755838632584,False,True,True,14.505338668823242,epoch042_train_11_ha_seg145_proc_spk2.wav
2,42,16_ha_seg020,0.0006720292731188238,True,2936.4249685146356,7.226691722869873,2401.205300371016,0.126030832529068,0.8786635398864746,0.06687120348215103,0.054465290158987045,False,True,False,19.62875747680664,epoch042_train_16_ha_seg020_proc_spk2.wav
2,44,08_ha_seg004,0.0002963062725029886,True,3435.0929497140924,8.205753326416016,2470.6220114324087,0.36944854259490967,0.6830723285675049,0.15315529704093933,0.1637723445892334,False,False,False,23.483253479003906,epoch044_train_08_ha_seg004_proc_spk2.wav
2,44,11_ha_seg145,0.001135913422331214,False,2085.1830843214298,6.821836948394775,2278.1309607526473,0.0486232228577137,0.9369713068008423,0.042791273444890976,0.0202373955398798,False,True,True,14.561080932617188,epoch044_train_11_ha_seg145_proc_spk2.wav
2,44,16_ha_seg020,0.0007250250200740993,True,2831.510004427389,6.861784934997559,2394.0694067460013,0.0836222767829895,0.9195017218589783,0.04566263407468796,0.03483569622039795,False,True,False,18.761165618896484,epoch044_train_16_ha_seg020_proc_spk2.wav
2,46,08_ha_seg004,0.00031654135091230273,True,3486.4180276080983,8.078213691711426,2445.247227406337,0.3179616332054138,0.719662606716156,0.13773708045482635,0.14260031282901764,False,False,False,28.08123016357422,epoch046_train_08_ha_seg004_proc_spk2.wav
2,46,11_ha_seg145,0.0011287783272564411,False,2052.8561482928,6.848243713378906,2254.1550680277824,0.045176539570093155,0.9399455189704895,0.04127740114927292,0.018777063116431236,False,True,True,14.075583457946777,epoch046_train_11_ha_seg145_proc_spk2.wav
2,46,16_ha_seg020,0.0007289705099537969,True,3000.728107977201,7.080700397491455,2369.1670372982194,0.10268954187631607,0.891720712184906,0.057099178433418274,0.051180150359869,False,True,False,18.714027404785156,epoch046_train_16_ha_seg020_proc_spk2.wav
2,48,08_ha_seg004,0.00031646780553273857,True,3313.8325914048733,7.690574645996094,2469.328595377513,0.285638689994812,0.7490610480308533,0.12329539656639099,0.12764349579811096,False,True,False,21.552570343017578,epoch048_train_08_ha_seg004_proc_spk2.wav
2,48,11_ha_seg145,0.0011512526543810964,False,2084.118865858474,6.84014368057251,2286.3522762719713,0.05019237846136093,0.941738486289978,0.03864497318863869,0.019616607576608658,False,True,True,14.312634468078613,epoch048_train_11_ha_seg145_proc_spk2.wav
2,48,16_ha_seg020,0.0007737468695268035,True,2986.398379478082,6.951533794403076,2390.132187755175,0.10201002657413483,0.9068343043327332,0.04934580624103546,0.043819867074489594,False,True,False,19.87771224975586,epoch048_train_16_ha_seg020_proc_spk2.wav
