base_name,epoch,train_id,segment,speaker_id,sample_rate,target_length,processed_length,snr_db,si_sdr_db,pesq,stoi,noisy_snr_db,snr_improvement_db,sdr,sir,sar
epoch012_train_23_ha_seg122,12,23,122,0,16000,37312,37312,-15.124221090030602,-24.548225081574124,1.0846813917160034,0.6173302770321603,-10.56336331506425,-4.560857774966353,,,
epoch012_train_23_ha_seg122,12,23,122,1,16000,37312,37312,-0.11388169991559013,-35.109488156054546,1.1068115234375,0.3068399100232817,-7.38427897784312,7.27039727792753,,,
epoch012_train_23_ha_seg122,12,23,122,2,16000,37312,37312,-2.3506901359383514,-60.83910583003232,1.1485174894332886,1e-05,-21.31620877970086,18.96551864376251,,,
epoch018_train_10_ha_seg138,18,10,138,0,16000,24000,24000,-19.39118723342512,-20.94914465617617,1.1239985227584839,0.4234864237408495,-12.611290133306696,-6.779897100118426,,,
epoch018_train_10_ha_seg138,18,10,138,1,16000,24000,24000,-0.15473547448741956,-27.72134757005332,1.0590269565582275,0.2307627235656132,-6.421935935857828,6.267200461370408,,,
epoch018_train_10_ha_seg138,18,10,138,2,16000,24000,24000,-6.077861015393009,-34.44631300573652,1.0794111490249634,0.4685651596048653,-25.240914813260318,19.16305379786731,,,
epoch022_train_17_ha_seg064,22,17,64,0,16000,8640,8640,-10.349419998539837,-10.252040147717054,1.1032485961914062,0.32959730935340376,-9.228842913650602,-1.1205770848892342,,,
epoch022_train_17_ha_seg064,22,17,64,1,16000,8640,8640,-0.08412486180023931,-30.681948775872705,1.0548802614212036,0.44234473289021403,-2.8645027132427514,2.780377851442512,,,
epoch022_train_17_ha_seg064,22,17,64,2,16000,8640,8640,-0.09989143951046339,-39.97334708160353,1.0569988489151,0.35369696283360386,-3.968562395238143,3.8686709557276795,,,
epoch038_train_01_ha_seg102,38,1,102,0,16000,12224,12224,-9.16748654439447,-17.050753761167293,1.0461968183517456,0.5480307436782176,-32.118043812836,22.95055726844153,,,
epoch038_train_01_ha_seg102,38,1,102,1,16000,12224,12224,-0.17623417260105168,-27.7740207899318,1.1110273599624634,1e-05,-26.016574360457586,25.840340187856533,,,
epoch038_train_01_ha_seg102,38,1,102,2,16000,12224,12224,-0.09344347723579777,-30.078009242941167,1.0405491590499878,-0.11969976979607812,-23.216979306540118,23.12353582930432,,,
epoch020_train_16_ha_seg023,20,16,23,0,16000,64000,64000,-24.30825733843922,-16.29504499366569,1.0710766315460205,0.49479157898876014,-8.20511966925536,-16.10313766918386,,,
epoch020_train_16_ha_seg023,20,16,23,1,16000,64000,64000,-inf,,,0.0,-inf,,,,
epoch020_train_16_ha_seg023,20,16,23,2,16000,64000,64000,-inf,,,0.0,-inf,,,,
epoch006_train_15_ha_seg145,6,15,145,0,16000,64000,64000,-12.210259510015014,-20.769903411568418,1.0866920948028564,0.6002239077011283,-12.160577858821135,-0.049681651193878906,,,
epoch006_train_15_ha_seg145,6,15,145,1,16000,64000,64000,-inf,,,0.0,-inf,,,,
epoch006_train_15_ha_seg145,6,15,145,2,16000,64000,64000,-inf,,,0.0,-inf,,,,
epoch038_train_11_ha_seg071,38,11,71,0,16000,64000,64000,-12.383565429131593,-13.378429530402824,1.1602051258087158,0.4330075049632705,-9.024905724896248,-3.358659704235345,,,
epoch038_train_11_ha_seg071,38,11,71,1,16000,64000,64000,-0.023967106636308334,-44.036541481564896,2.3588366508483887,0.2016105031207187,-9.486479253510634,9.462512146874326,,,
epoch038_train_11_ha_seg071,38,11,71,2,16000,64000,64000,-inf,,,0.0,-inf,,,,
epoch018_train_28_ha_seg110,18,28,110,0,16000,10176,10176,-9.384222479334934,-11.194623196691007,1.1534006595611572,0.7253660527596778,-4.987445842322444,-4.39677663701249,,,
epoch018_train_28_ha_seg110,18,28,110,1,16000,10176,10176,-0.17038962018860393,-34.26302552844066,1.0306518077850342,0.344712748595369,-10.960708826599836,10.790319206411231,,,
epoch018_train_28_ha_seg110,18,28,110,2,16000,10176,10176,-0.024355876632701834,-36.80120255322267,1.024432897567749,0.31489549139147677,-4.452331249394852,4.427975372762151,,,
epoch026_train_13_ha_seg039,26,13,39,0,16000,64000,64000,-9.296012953924462,-18.201112170124166,1.1317459344863892,0.6708466975320465,-7.951717742118128,-1.344295211806334,,,
epoch026_train_13_ha_seg039,26,13,39,1,16000,64000,64000,-inf,,,0.0,-inf,,,,
epoch026_train_13_ha_seg039,26,13,39,2,16000,64000,64000,-inf,,,0.0,-inf,,,,
epoch046_train_19_ha_seg120,46,19,120,0,16000,6592,6592,-17.41093895547779,-14.389455600974488,1.5404903888702393,0.3679637102217336,-15.327655668254167,-2.0832832872236224,,,
epoch046_train_19_ha_seg120,46,19,120,1,16000,6592,6592,0.03037274856800557,-19.801538769141093,1.0493628978729248,0.2984051937341745,-1.3443122657483029,1.3746850143163085,,,
epoch046_train_19_ha_seg120,46,19,120,2,16000,6592,6592,-18.315008289609306,-17.46651410064682,1.044358253479004,1e-05,-39.929647247600755,21.61463895799145,,,
epoch006_train_03_ha_seg044,6,3,44,0,16000,59840,59840,-1.5548395508622046,-15.775588355460968,1.1502931118011475,0.5560396203112148,-16.539302129798752,14.984462578936547,,,
epoch006_train_03_ha_seg044,6,3,44,1,16000,59840,59840,-0.19831572403362654,-47.979125264415046,1.0636776685714722,0.40169906029075547,-26.649287760958416,26.45097203692479,,,
epoch006_train_03_ha_seg044,6,3,44,2,16000,59840,59840,-2.656401328771769,-38.97577259815825,1.154630184173584,1e-05,-39.96570051183657,37.3092991830648,,,
epoch018_train_13_ha_seg158,18,13,158,0,16000,52160,52160,-9.139848482733914,-7.9562901085937,1.2561347484588623,0.7249910052817806,-6.0612943304545555,-3.0785541522793585,,,
epoch018_train_13_ha_seg158,18,13,158,1,16000,52160,52160,-0.45108269377019755,-28.405730089816863,1.1385140419006348,0.1456779164502851,-17.265713310386126,16.81463061661593,,,
epoch018_train_13_ha_seg158,18,13,158,2,16000,52160,52160,-0.06632040970282504,-33.43867694040761,1.0973563194274902,0.47635291057578244,-9.186263825378129,9.119943415675303,,,
epoch030_train_24_ha_seg004,30,24,4,0,16000,64000,64000,-6.276634246999633,-19.971388739188406,1.098612904548645,0.5346504989346398,-7.985811821103721,1.7091775741040882,,,
epoch030_train_24_ha_seg004,30,24,4,1,16000,64000,64000,-0.2530745465898731,-54.97339250734526,1.0415310859680176,0.27693093185677004,-16.188672049695274,15.9355975031054,,,
epoch030_train_24_ha_seg004,30,24,4,2,16000,64000,64000,-2.9801620368264903,-28.06592893383414,1.0786800384521484,0.3581561630418301,-28.613903152541376,25.633741115714884,,,
epoch008_train_25_ha_seg055,8,25,55,0,16000,44992,44992,-6.348249412012677,-11.73829270956782,1.0483427047729492,0.45429712918423154,-14.852074155150756,8.503824743138079,,,
epoch008_train_25_ha_seg055,8,25,55,1,16000,44992,44992,-0.12186843130506436,-63.77500742540046,1.1207773685455322,0.3421499327268833,-7.3682450975467155,7.246376666241651,,,
epoch008_train_25_ha_seg055,8,25,55,2,16000,44992,44992,-0.21350086487966574,-53.979710771545726,1.0241515636444092,0.42849262296534546,-8.280445339339387,8.06694447445972,,,
epoch004_train_16_ha_seg070,4,16,70,0,16000,7104,7104,-24.02989504193201,-33.79762405272476,1.1184495687484741,0.2612821806298206,-15.136590642843235,-8.893304399088777,,,
epoch004_train_16_ha_seg070,4,16,70,1,16000,7104,7104,-1.4286235640236788,-30.402109238199095,1.05079984664917,1e-05,-11.09794358116602,9.66932001714234,,,
epoch004_train_16_ha_seg070,4,16,70,2,16000,7104,7104,-0.1294511626906043,-44.97087618454661,1.021216869354248,0.2809092942701764,-2.9428832320904452,2.813432069399841,,,
epoch050_train_25_ha_seg157,50,25,157,0,16000,30656,30656,-3.165835597951678,-5.917626160341362,1.147409200668335,0.5690541898450839,-11.080582755359474,7.914747157407796,,,
epoch050_train_25_ha_seg157,50,25,157,1,16000,30656,30656,-0.023978341890193863,-31.161195704555507,1.3529689311981201,0.3347544478690494,-11.22997261560933,11.205994273719137,,,
epoch050_train_25_ha_seg157,50,25,157,2,16000,30656,30656,-0.09482436127193347,-30.271562661146074,2.642043113708496,0.36816221830977486,-13.573770234372336,13.478945873100402,,,
epoch032_train_13_ha_seg054,32,13,54,0,16000,27072,27072,-11.684221833237984,-13.750978151817566,1.2212244272232056,0.6342514399289628,-10.535367139000897,-1.1488546942370874,,,
epoch032_train_13_ha_seg054,32,13,54,1,16000,27072,27072,-0.2519811887963919,-28.16105517938084,1.034633994102478,0.37356270497937843,-9.465524458859004,9.213543270062612,,,
epoch032_train_13_ha_seg054,32,13,54,2,16000,27072,27072,-0.0816930780884011,-30.97064230161367,1.0491119623184204,0.4062150487436229,-5.571168783283252,5.489475705194851,,,
epoch002_train_03_ha_seg014,2,3,14,0,16000,64000,64000,-6.610918112406525,-20.791614998306017,1.0636584758758545,0.6030618491370145,-18.59559361285594,11.984675500449415,,,
epoch002_train_03_ha_seg014,2,3,14,1,16000,64000,64000,-17.500306066176723,-28.415654080648245,,1e-05,-46.822641559190984,29.32233549301426,,,
epoch002_train_03_ha_seg014,2,3,14,2,16000,64000,64000,-0.8588217403703086,-42.47958378854754,1.4294297695159912,0.3283336022629875,-22.814400125113863,21.955578384743553,,,
epoch044_train_27_ha_seg022,44,27,22,0,16000,45504,45504,-29.093707671828156,-20.372519898435506,1.0529571771621704,0.35115841606374265,-39.61781311807946,10.524105446251305,,,
epoch044_train_27_ha_seg022,44,27,22,1,16000,45504,45504,-0.013567523615184622,-37.20397801114516,3.6714131832122803,0.32716831782955297,-12.354015372380244,12.34044784876506,,,
epoch044_train_27_ha_seg022,44,27,22,2,16000,45504,45504,-0.023104584944837924,-36.89227563619519,1.0826002359390259,0.3712595579153424,-13.745209442973502,13.722104858028665,,,
epoch032_train_04_ha_seg024,32,4,24,0,16000,55232,55232,-12.04922714336938,-11.13042015704595,1.1027750968933105,0.6681447318623248,-8.419987473035665,-3.6292396703337158,,,
epoch032_train_04_ha_seg024,32,4,24,1,16000,55232,55232,-0.027133060150458944,-39.34451278855461,1.5252455472946167,0.36899122626242054,-10.542127292680394,10.514994232529935,,,
epoch032_train_04_ha_seg024,32,4,24,2,16000,55232,55232,-0.6771807228578132,-32.81386872109223,1.0810391902923584,0.287440257297322,-22.218365787257905,21.541185064400093,,,
epoch048_train_13_ha_seg093,48,13,93,0,16000,16320,16320,-7.365938548441642,-15.116876173720561,1.2364890575408936,0.5938030309678656,-8.196862970273934,0.8309244218322913,,,
epoch048_train_13_ha_seg093,48,13,93,1,16000,16320,16320,-0.31096261104995604,-28.49482342097131,1.0362309217453003,0.3850922653142331,-13.551000217944525,13.24003760689457,,,
epoch048_train_13_ha_seg093,48,13,93,2,16000,16320,16320,-0.012439429471923908,-38.55508837716607,1.5017666816711426,0.48267252517127734,-2.332827719667257,2.320388290195333,,,
epoch048_train_28_ha_seg114,48,28,114,0,16000,16832,16832,-12.672859132998822,-12.926811151269382,1.0756791830062866,0.4991430287453212,-8.31156343547136,-4.361295697527462,,,
epoch048_train_28_ha_seg114,48,28,114,1,16000,16832,16832,-0.10379992861117365,-28.74251608065315,1.0389745235443115,0.26206593688840435,-6.586753251954241,6.482953323343068,,,
epoch048_train_28_ha_seg114,48,28,114,2,16000,16832,16832,-0.26041470739951533,-20.96565457145398,1.1003315448760986,1e-05,-14.990979066714495,14.730564359314979,,,
epoch018_train_28_ha_seg157,18,28,157,0,16000,64000,64000,-10.570721278864745,-14.201236728191247,1.1474688053131104,0.6193956362860072,-5.887334166553117,-4.683387112311628,,,
epoch018_train_28_ha_seg157,18,28,157,1,16000,64000,64000,-20.978624739089366,-40.31161219065082,,1e-05,-47.450417017680316,26.47179227859095,,,
epoch018_train_28_ha_seg157,18,28,157,2,16000,64000,64000,-7.7520785879174925,-46.47883879821656,,1e-05,-32.725479895638976,24.973401307721485,,,
epoch026_train_19_ha_seg066,26,19,66,0,16000,17856,17856,-22.486612831408483,-18.799162826929493,1.1797521114349365,0.5186657249133337,-17.096189083599253,-5.39042374780923,,,
epoch026_train_19_ha_seg066,26,19,66,1,16000,17856,17856,-0.033282396383506524,-36.287152975101236,1.0366871356964111,0.4066972182975781,-4.365270928802071,4.331988532418564,,,
epoch026_train_19_ha_seg066,26,19,66,2,16000,17856,17856,-0.1607621415567585,-38.35473646821113,1.054287075996399,0.38202163986613125,-12.466184278265914,12.305422136709154,,,
epoch000_train_24_ha_seg017,0,24,17,0,16000,35776,35776,-10.485457340624205,-57.143671576028524,1.0484426021575928,0.4889077619868693,-6.253548423617602,-4.231908917006603,,,
epoch000_train_24_ha_seg017,0,24,17,1,16000,35776,35776,-7.803266669210056,-42.03958400377105,1.175156831741333,0.35204216347714146,-5.681552843125509,-2.121713826084547,,,
epoch000_train_24_ha_seg017,0,24,17,2,16000,35776,35776,-11.989574369239568,-42.74392571204419,1.1262924671173096,0.19867314175270448,-14.096011143002976,2.1064367737634075,,,
epoch022_train_08_ha_seg044,22,8,44,0,16000,18368,18368,-4.366323203281289,-23.62879701472327,1.0913797616958618,0.4656802594037526,-6.1840798650684174,1.8177566617871284,,,
epoch022_train_08_ha_seg044,22,8,44,1,16000,18368,18368,-0.39141025274093244,-43.09358032148062,1.0288366079330444,0.3446029298686115,-16.89968436775603,16.508274115015098,,,
epoch022_train_08_ha_seg044,22,8,44,2,16000,18368,18368,-0.010750543824407915,-50.09130957011149,1.0794177055358887,0.34433592331818147,-3.5497083985454303,3.5389578547210223,,,
epoch048_train_16_ha_seg027,48,16,27,0,16000,64000,64000,-18.749875993932385,-23.769935770157495,1.5805823802947998,0.5541152963608396,-14.201767685805669,-4.548108308126716,,,
epoch048_train_16_ha_seg027,48,16,27,1,16000,64000,64000,-inf,,,0.0,-inf,,,,
epoch048_train_16_ha_seg027,48,16,27,2,16000,64000,64000,-inf,,,0.0,-inf,,,,
epoch034_train_02_ha_seg007,34,2,7,0,16000,64000,64000,-10.060469154607816,-6.559005170298626,1.2635470628738403,0.6735878391033734,-14.735279379091144,4.674810224483329,,,
epoch034_train_02_ha_seg007,34,2,7,1,16000,64000,64000,-inf,,,0.0,-inf,,,,
epoch034_train_02_ha_seg007,34,2,7,2,16000,64000,64000,-inf,,,0.0,-inf,,,,
epoch038_train_15_ha_seg082,38,15,82,0,16000,40384,40384,-3.887669619725789,-17.288636891306332,1.0787937641143799,0.6855095935341627,-12.419008921233171,8.531339301507382,,,
epoch038_train_15_ha_seg082,38,15,82,1,16000,40384,40384,-0.12418263844481615,-81.6214059309579,1.9140701293945312,0.33016067428233,-17.20155204147097,17.077369403026154,,,
epoch038_train_15_ha_seg082,38,15,82,2,16000,40384,40384,-0.014808263237685944,-53.25147031765705,2.026430130004883,0.3511119562431303,-9.511808209122425,9.496999945884738,,,
epoch020_train_08_ha_seg195,20,8,195,0,16000,16832,16832,-11.940648768002067,-9.253307399459022,1.3947980403900146,0.7159424889218459,-8.281966105049124,-3.658682662952943,,,
epoch020_train_08_ha_seg195,20,8,195,1,16000,16832,16832,-0.04267440902098149,-38.15038398285901,1.0230498313903809,0.34373154783418025,-7.078541360678314,7.035866951657333,,,
epoch020_train_08_ha_seg195,20,8,195,2,16000,16832,16832,-0.005649911918356611,-57.028163399894936,1.0283010005950928,0.31804987932805673,-2.080069303725854,2.074419391807498,,,
epoch028_train_16_ha_seg116,28,16,116,0,16000,38336,38336,-22.56790815776204,-22.89276110150913,1.0702500343322754,0.5923815189950783,-14.221887073211354,-8.346021084550687,,,
epoch028_train_16_ha_seg116,28,16,116,1,16000,38336,38336,-0.3580153037503867,-23.473789768653802,1.0470502376556396,0.41302701584264695,-14.702862291934567,14.34484698818418,,,
epoch028_train_16_ha_seg116,28,16,116,2,16000,38336,38336,-0.08963942594720455,-26.765479379043107,1.0882115364074707,0.41115570242500943,-11.276486325800102,11.186846899852897,,,
epoch000_train_01_ha_seg103,0,1,103,0,16000,41920,41920,-15.871838146622043,-35.7466160781326,1.0447601079940796,0.40844431412339066,-32.68313828891545,16.81130014229341,,,
epoch000_train_01_ha_seg103,0,1,103,1,16000,41920,41920,-11.142251766032398,-61.28402095558002,1.0767608880996704,0.24118830208730688,-27.865903017377917,16.72365125134552,,,
epoch000_train_01_ha_seg103,0,1,103,2,16000,41920,41920,-8.397588504777007,-37.160880357310134,1.0647609233856201,0.3569266977811071,-24.752193161043238,16.354604656266233,,,
epoch028_train_26_ha_seg076,28,26,76,0,16000,19904,19904,-8.453127010064446,-9.945893577626864,1.1132304668426514,0.525184579898521,-5.742178193665279,-2.710948816399166,,,
epoch028_train_26_ha_seg076,28,26,76,1,16000,19904,19904,-0.06598123033980414,-24.722461180685897,2.8842296600341797,0.33663485071477944,-6.048898199724007,5.9829169693842035,,,
epoch028_train_26_ha_seg076,28,26,76,2,16000,19904,19904,-0.14725106357838086,-23.299308448261836,1.033158779144287,0.3701914728401488,-8.129441283743672,7.9821902201652914,,,
epoch036_train_19_ha_seg017,36,19,17,0,16000,64000,64000,-11.576159853519117,-21.802216643279337,1.0695362091064453,0.5376705260811782,-9.090186763014568,-2.485973090504549,,,
epoch036_train_19_ha_seg017,36,19,17,1,16000,64000,64000,-inf,,,0.0,-inf,,,,
epoch036_train_19_ha_seg017,36,19,17,2,16000,64000,64000,-inf,,,0.0,-inf,,,,
epoch010_train_14_ha_seg038,10,14,38,0,16000,10176,10176,-12.874448779314662,-5.68791994180803,1.1971081495285034,0.6302622947248228,-13.287140459722664,0.4126916804080025,,,
epoch010_train_14_ha_seg038,10,14,38,1,16000,10176,10176,-1.5971143848432903,-26.72636132049916,1.0584083795547485,0.24100666062261553,-16.651480560085975,15.054366175242684,,,
epoch010_train_14_ha_seg038,10,14,38,2,16000,10176,10176,0.004474211054570587,-25.078412824107318,1.0384349822998047,0.20178609800711197,-3.691646303663681,3.6961205147182516,,,
epoch012_train_11_ha_seg141,12,11,141,0,16000,54208,54208,-10.448777132570735,-11.829828333173506,1.2129195928573608,0.5733238792095318,-6.240397813167849,-4.208379319402885,,,
epoch012_train_11_ha_seg141,12,11,141,1,16000,54208,54208,-1.903338822822581,-36.7603754822133,1.0384821891784668,0.34546196038088656,-19.35843505635712,17.45509623353454,,,
epoch012_train_11_ha_seg141,12,11,141,2,16000,54208,54208,-0.3489992755028215,-37.38155588462375,1.0235214233398438,0.4189866175205412,-9.997455149225836,9.648455873723014,,,
epoch000_train_18_ha_seg015,0,18,15,0,16000,13760,13760,-8.56327356129124,-24.767661769147313,1.0986616611480713,0.7167906487484629,-12.463661946235442,3.9003883849442023,,,
epoch000_train_18_ha_seg015,0,18,15,1,16000,13760,13760,-6.64672107271967,-30.339098615081745,1.0644023418426514,1e-05,-19.585301519049892,12.938580446330223,,,
epoch000_train_18_ha_seg015,0,18,15,2,16000,13760,13760,-3.1289839372248447,-36.956140967994735,1.0349273681640625,0.36775880470324934,-15.70635568893418,12.577371751709334,,,
epoch050_train_15_ha_seg014,50,15,14,0,16000,64000,64000,-6.86930240303229,-18.23750252112227,1.0997976064682007,0.5781960426637077,-12.470892058731406,5.601589655699117,,,
epoch050_train_15_ha_seg014,50,15,14,1,16000,64000,64000,-0.14164329051328947,-56.74913208197411,1.1054283380508423,0.37278763220107336,-12.737270877729296,12.595627587216006,,,
epoch050_train_15_ha_seg014,50,15,14,2,16000,64000,64000,-inf,,,0.0,-inf,,,,
epoch018_train_01_ha_seg169,18,1,169,0,16000,64000,64000,-4.316989366360316,-9.972157220332283,1.2751874923706055,0.5375807032838226,-24.161548465081985,19.844559098721668,,,
epoch018_train_01_ha_seg169,18,1,169,1,16000,64000,64000,-inf,,,0.0,-inf,,,,
epoch018_train_01_ha_seg169,18,1,169,2,16000,64000,64000,-0.04354751990487283,-43.42532911246283,1.0597374439239502,0.4209771639752,-23.508611654613453,23.46506413470858,,,
epoch032_train_30_ha_seg071,32,30,71,0,16000,64000,64000,-2.6209864124979756,-12.760743391257538,1.2554306983947754,0.5436543632146811,-14.376715149936231,11.755728737438256,,,
epoch032_train_30_ha_seg071,32,30,71,1,16000,64000,64000,-inf,,,0.0,-inf,,,,
epoch032_train_30_ha_seg071,32,30,71,2,16000,64000,64000,-inf,,,0.0,-inf,,,,
epoch018_train_25_ha_seg159,18,25,159,0,16000,20928,20928,-7.327656400401244,-10.501405823726103,1.0879626274108887,0.5577096870285022,-13.442527961677266,6.114871561276022,,,
epoch018_train_25_ha_seg159,18,25,159,1,16000,20928,20928,-0.21887220491711384,-31.352953023251835,1.0479899644851685,0.4142539334899941,-4.4234257290336885,4.204553524116575,,,
epoch018_train_25_ha_seg159,18,25,159,2,16000,20928,20928,-0.09890718230544811,-47.877751223582095,1.038697600364685,0.26386778114775045,-8.0843413298189,7.985434147513452,,,
epoch026_train_13_ha_seg155,26,13,155,0,16000,64000,64000,-8.619931573081793,-12.857395888084069,1.1091628074645996,0.570180205769531,-9.25361205589224,0.6336804828104476,,,
epoch026_train_13_ha_seg155,26,13,155,1,16000,64000,64000,-0.034811603999798685,-63.076368007989046,1.0448764562606812,0.37318960027047476,-8.463061385663583,8.428249781663784,,,
epoch026_train_13_ha_seg155,26,13,155,2,16000,64000,64000,-inf,,,0.0,-inf,,,,
epoch004_train_28_ha_seg119,4,28,119,0,16000,64000,64000,-14.800636786584779,-28.801445959876993,1.0797311067581177,0.636921485800376,-9.508956593740578,-5.2916801928442005,,,
epoch004_train_28_ha_seg119,4,28,119,1,16000,64000,64000,-inf,,,0.0,-inf,,,,
epoch004_train_28_ha_seg119,4,28,119,2,16000,64000,64000,-6.234159309202535,-61.890322065356855,1.1376769542694092,0.3286963254385752,-22.582768571275203,16.348609262072667,,,
epoch046_train_12_ha_seg042,46,12,42,0,16000,43968,43968,-20.091933473336567,-8.468216360140817,1.0830920934677124,0.32221100765114885,-10.272488509427124,-9.819444963909444,,,
epoch046_train_12_ha_seg042,46,12,42,1,16000,43968,43968,-0.6756694303251003,-27.992117010139864,1.226979374885559,0.35098774426935603,-14.265094534964014,13.589425104638913,,,
epoch046_train_12_ha_seg042,46,12,42,2,16000,43968,43968,-0.04372395748156365,-28.915669900668625,1.1771600246429443,0.35880210581870553,-7.28799142670978,7.244267469228217,,,
epoch020_train_02_ha_seg057,20,2,57,0,16000,10176,10176,-14.517204892002127,-5.821878581216517,1.4880430698394775,0.782852693306608,-13.777930752132885,-0.7392741398692415,,,
epoch020_train_02_ha_seg057,20,2,57,1,16000,10176,10176,-0.0026261287024581486,-28.517340190909273,1.0285604000091553,0.3141474479746363,-10.919400716355092,10.916774587652634,,,
epoch020_train_02_ha_seg057,20,2,57,2,16000,10176,10176,-0.21630797898584295,-36.073408037942016,1.018344521522522,0.3182361798115553,-18.989468714383143,18.7731607353973,,,
epoch040_train_26_ha_seg096,40,26,96,0,16000,33728,33728,-3.562071648366091,-14.457748405523056,1.1409270763397217,0.7392460075921993,-2.3308979508646717,-1.2311736975014194,,,
epoch040_train_26_ha_seg096,40,26,96,1,16000,33728,33728,-0.4446005595401019,-29.09332098888948,1.0473700761795044,0.451996718011715,-15.368512517249233,14.92391195770913,,,
epoch040_train_26_ha_seg096,40,26,96,2,16000,33728,33728,-0.34643419732198033,-56.97790226408125,1.050959825515747,0.2994321429913068,-14.413469359631128,14.067035162309148,,,
epoch040_train_04_ha_seg125,40,4,125,0,16000,33728,33728,-20.21161561203476,-7.247281628647338,1.1606404781341553,0.48368905519562305,-13.619389374710389,-6.59222623732437,,,
epoch040_train_04_ha_seg125,40,4,125,1,16000,33728,33728,-0.8211449865713658,-22.531437915218866,1.1598074436187744,1e-05,-19.31021487183372,18.489069885262353,,,
epoch040_train_04_ha_seg125,40,4,125,2,16000,33728,33728,-0.03104099080928053,-33.317162605784155,1.035177230834961,0.26829706953879545,-7.651947168734608,7.6209061779253275,,,
epoch024_train_09_ha_seg226,24,9,226,0,16000,34752,34752,-9.891034518177666,-10.798094563418054,1.1353914737701416,0.5312783600700274,-7.945682782662478,-1.945351735515188,,,
epoch024_train_09_ha_seg226,24,9,226,1,16000,34752,34752,-0.011059492725904589,-38.12698967004307,1.4015028476715088,0.47258150824720846,-1.5555512419834967,1.544491749257592,,,
epoch024_train_09_ha_seg226,24,9,226,2,16000,34752,34752,-0.037271564934082874,-30.062193059377066,1.807220220565796,0.36773245405601523,-7.004695739122116,6.967424174188033,,,
epoch000_train_09_ha_seg025,0,9,25,0,16000,33728,33728,-7.373286220453554,-15.232269811934628,1.0273205041885376,0.5865198899971158,-8.328722254310371,0.9554360338568166,,,
epoch000_train_09_ha_seg025,0,9,25,1,16000,33728,33728,-15.17560430853414,-31.94062758833315,1.1208008527755737,1e-05,-19.439842936613392,4.2642386280792515,,,
epoch000_train_09_ha_seg025,0,9,25,2,16000,33728,33728,-6.734571344306646,-52.863120227993264,1.0566449165344238,0.36969907253613704,-10.035024402684336,3.3004530583776894,,,
epoch036_train_18_ha_seg064,36,18,64,0,16000,9664,9664,-11.952394076183015,-11.424482984285307,1.1621726751327515,0.6048621426138171,-16.078028247809215,4.125634171626199,,,
epoch036_train_18_ha_seg064,36,18,64,1,16000,9664,9664,-0.05810270810947489,-27.44845516311523,1.025310754776001,0.2760795548536984,-3.7161837687640817,3.658081060654607,,,
epoch036_train_18_ha_seg064,36,18,64,2,16000,9664,9664,-4.461275956173417,-21.055204406131022,1.0236576795578003,0.13442462896687685,-26.013636638759476,21.55236068258606,,,
epoch042_train_27_ha_seg089,42,27,89,0,16000,20928,20928,-2.9556162511085073,-30.674769551809487,1.136461853981018,0.5318143672678247,-5.291110595606698,2.3354943444981906,,,
epoch042_train_27_ha_seg089,42,27,89,1,16000,20928,20928,-0.020485360979297998,-40.016173087113884,1.023238182067871,0.3835568731202294,-7.670842181145609,7.650356820166311,,,
epoch042_train_27_ha_seg089,42,27,89,2,16000,20928,20928,-0.024614427082569685,-31.488611610761765,1.3217262029647827,0.49293950651854374,-8.926104404794646,8.901489977712076,,,
epoch034_train_09_ha_seg238,34,9,238,0,16000,43456,43456,-10.109788683343355,-26.73925070045975,1.097288966178894,0.4979494347743448,-13.047657433503627,2.9378687501602716,,,
epoch034_train_09_ha_seg238,34,9,238,1,16000,43456,43456,-0.14863967974315195,-34.290707232768426,1.132167100906372,0.3577654693584638,-14.656639472320137,14.507999792576985,,,
epoch034_train_09_ha_seg238,34,9,238,2,16000,43456,43456,-0.12135106900462095,-35.97430345710238,1.0583871603012085,0.4050081006278374,-12.240514553072426,12.119163484067805,,,
epoch044_train_02_ha_seg076,44,2,76,0,16000,64000,64000,-7.592891810765819,-10.769332941359714,1.2027149200439453,0.5270951427041392,-17.983034477954362,10.390142667188544,,,
epoch044_train_02_ha_seg076,44,2,76,1,16000,64000,64000,-0.22218957393652095,-29.999647887529356,1.1319000720977783,0.2727500440384406,-26.630171669351192,26.40798209541467,,,
epoch044_train_02_ha_seg076,44,2,76,2,16000,64000,64000,-35.064692220505,-49.17256348461635,,1e-05,-75.69207430142706,40.627382080922054,,,
epoch038_train_11_ha_seg110,38,11,110,0,16000,41408,41408,-11.935645710656145,-6.290692228130027,1.1905686855316162,0.5333167119568913,-8.818536345098725,-3.11710936555742,,,
epoch038_train_11_ha_seg110,38,11,110,1,16000,41408,41408,-0.36408583819366036,-31.29003361384324,1.5276062488555908,0.33739636101866505,-19.46619568704706,19.1021098488534,,,
epoch038_train_11_ha_seg110,38,11,110,2,16000,41408,41408,-0.23343679535740433,-43.48333975776177,1.046910047531128,0.2598083040156904,-16.01873323901163,15.785296443654227,,,
epoch014_train_25_ha_seg058,14,25,58,0,16000,64000,64000,-8.318153461240543,-7.049679121535113,1.219822883605957,0.5238313197033369,-11.164347849455464,2.8461943882149203,,,
epoch014_train_25_ha_seg058,14,25,58,1,16000,64000,64000,-0.1577323979140755,-36.55115163807483,1.1993839740753174,1e-05,-11.006003741194617,10.84827134328054,,,
epoch014_train_25_ha_seg058,14,25,58,2,16000,64000,64000,-0.08309407394910069,-47.787435938749965,1.4125348329544067,0.33182763226679063,-8.267394942017,8.1843008680679,,,
epoch016_train_16_ha_seg045,16,16,45,0,16000,64000,64000,-14.284024896594314,-14.718019833276358,1.0878965854644775,0.6554258198125037,-4.710937875050916,-9.573087021543397,,,
epoch016_train_16_ha_seg045,16,16,45,1,16000,64000,64000,-0.0209686868909333,-35.52795186864295,1.1183266639709473,0.31433596137472575,-3.421677605165201,3.4007089182742676,,,
epoch016_train_16_ha_seg045,16,16,45,2,16000,64000,64000,-inf,,,0.0,-inf,,,,
epoch050_train_15_ha_seg186,50,15,186,0,16000,64000,64000,-7.8041811637006635,-7.4976894403789345,1.2074317932128906,0.6606351987048831,-10.787258815025464,2.9830776513248,,,
epoch050_train_15_ha_seg186,50,15,186,1,16000,64000,64000,-0.48601606569109806,-38.478877966971005,1.1029528379440308,0.3636888930324075,-19.199684500542144,18.713668434851048,,,
epoch050_train_15_ha_seg186,50,15,186,2,16000,64000,64000,-1.7938353005137264,-31.46266463120782,1.194599986076355,1e-05,-26.75154305108094,24.957707750567213,,,
epoch012_train_28_ha_seg073,12,28,73,0,16000,55744,55744,-11.996492302765116,-23.4794453502923,1.0756089687347412,0.5708131521892355,-6.0688728359819955,-5.927619466783121,,,
epoch012_train_28_ha_seg073,12,28,73,1,16000,55744,55744,-0.045082074003595804,-62.751194891620074,1.028813123703003,0.25368836163581593,-3.824632633059006,3.77955055905541,,,
epoch012_train_28_ha_seg073,12,28,73,2,16000,55744,55744,-0.07771754636718632,-49.30526252773242,1.0273686647415161,0.39186556962535735,-4.739828782822139,4.662111236454953,,,
epoch014_train_15_ha_seg043,14,15,43,0,16000,64000,64000,-6.266768001484664,-15.547007771715185,1.092036247253418,0.5255647167934956,-12.986823799131496,6.7200557976468325,,,
epoch014_train_15_ha_seg043,14,15,43,1,16000,64000,64000,-0.20151594076884588,-49.988868111080535,1.0380257368087769,0.37325847057384004,-18.49449229645961,18.292976355690765,,,
epoch014_train_15_ha_seg043,14,15,43,2,16000,64000,64000,-0.11402413955124649,-40.02628512273425,1.0339707136154175,0.2640040064575322,-16.993724938728995,16.879700799177748,,,
epoch044_train_01_ha_seg050,44,1,50,0,16000,64000,64000,-1.8075954361597204,-10.604303125978827,1.105760097503662,0.4899398018970391,-26.983469443904223,25.175874007744504,,,
epoch044_train_01_ha_seg050,44,1,50,1,16000,64000,64000,-0.07329075426500026,-42.589424588655824,1.0822875499725342,0.3778784045377869,-34.396719331905935,34.32342857764093,,,
epoch044_train_01_ha_seg050,44,1,50,2,16000,64000,64000,-0.00923811799792341,-69.32417427141796,2.8669426441192627,0.3731646120310389,-25.05428251249284,25.045044394494916,,,
epoch050_train_15_ha_seg213,50,15,213,0,16000,64000,64000,-7.817448977367225,-31.60573826380734,1.1565378904342651,0.5625004498511013,-10.499977976490754,2.6825289991235293,,,
epoch050_train_15_ha_seg213,50,15,213,1,16000,64000,64000,-0.2529326629372166,-48.44608222857367,1.373723030090332,0.35389324908308556,-13.002328914746588,12.749396251809372,,,
epoch050_train_15_ha_seg213,50,15,213,2,16000,64000,64000,-0.12295837105835622,-63.22524757981667,1.0927927494049072,0.4292763394177019,-11.921868733085448,11.798910362027092,,,
epoch016_train_09_ha_seg088,16,9,88,0,16000,64000,64000,-6.454991797828407,-20.04247802293979,1.1111607551574707,0.6190743474834127,-7.9221682084735425,1.467176410645136,,,
epoch016_train_09_ha_seg088,16,9,88,1,16000,64000,64000,-0.09218102820753568,-26.283474617498776,1.0273661613464355,0.3340637172281324,-9.532484453815371,9.440303425607835,,,
epoch016_train_09_ha_seg088,16,9,88,2,16000,64000,64000,-0.0298713186447612,-38.52746751460455,1.1185595989227295,0.3606447717906963,-6.134052972651513,6.1041816540067515,,,
epoch006_train_10_ha_seg068,6,10,68,0,16000,13760,13760,-22.342510989814993,-22.245884977478404,1.1005007028579712,0.4965269063110122,-13.233274195314957,-9.109236794500037,,,
epoch006_train_10_ha_seg068,6,10,68,1,16000,13760,13760,-0.5058038976146646,-55.9298674848895,1.0293854475021362,0.07952166518951632,-8.482254859325364,7.976450961710699,,,
epoch006_train_10_ha_seg068,6,10,68,2,16000,13760,13760,-0.2502122371764931,-32.45909131536082,1.021114468574524,0.28078164382029214,-4.010069311627784,3.7598570744512907,,,
epoch000_train_03_ha_seg060,0,3,60,0,16000,64000,64000,-7.380958310653812,-24.96424496758869,1.0386977195739746,0.60311931515581,-18.67578625399569,11.294827943341877,,,
epoch000_train_03_ha_seg060,0,3,60,1,16000,64000,64000,-31.462607085434833,-50.12525386466307,,1e-05,-46.474129509101346,15.011522423666513,,,
epoch000_train_03_ha_seg060,0,3,60,2,16000,64000,64000,-3.3551675299002803,-46.93934098663508,1.0414515733718872,0.2549624699510314,-19.69532172337932,16.340154193479037,,,
epoch024_train_09_ha_seg070,24,9,70,0,16000,27072,27072,-4.9808064895695745,-18.00566783139727,1.1277129650115967,0.5196194941565154,-14.95696377855584,9.976157288986265,,,
epoch024_train_09_ha_seg070,24,9,70,1,16000,27072,27072,-0.013714813184367153,-28.183258761040904,1.0705301761627197,0.3286744323511152,-12.446391272447254,12.432676459262888,,,
epoch024_train_09_ha_seg070,24,9,70,2,16000,27072,27072,-0.03311657104794688,-38.99546496428618,1.0477772951126099,0.3103041754898465,-11.446694049689308,11.413577478641361,,,
epoch014_train_18_ha_seg071,14,18,71,0,16000,48576,48576,-9.792303643195373,-7.823794425997135,1.1109000444412231,0.6808833626007261,-15.949657358519811,6.157353715324438,,,
epoch014_train_18_ha_seg071,14,18,71,1,16000,48576,48576,-0.023173947545690656,-36.90024464047569,1.487168788909912,0.18990149121507666,-5.759961282720206,5.736787335174515,,,
epoch014_train_18_ha_seg071,14,18,71,2,16000,48576,48576,-0.050301582132953326,-45.2498894923452,1.0754729509353638,0.2122155400145086,-7.574794088269331,7.524492506136378,,,
epoch010_train_14_ha_seg156,10,14,156,0,16000,64000,64000,-8.022743595094385,-12.744279320828468,1.2711892127990723,0.5478978923129674,-13.154209778783956,5.131466183689572,,,
epoch010_train_14_ha_seg156,10,14,156,1,16000,64000,64000,-0.04530059453954537,-53.388321261376284,1.2884418964385986,0.3454476932452983,-6.276367203047865,6.2310666085083195,,,
epoch010_train_14_ha_seg156,10,14,156,2,16000,64000,64000,-0.06819488942761064,-53.77938370722022,1.0466538667678833,0.2828384292438917,-7.959238538006241,7.891043648578631,,,
epoch030_train_16_ha_seg101,30,16,101,0,16000,28096,28096,-23.298335142368565,-13.688929877367649,1.1311750411987305,0.46434753010360447,-10.373728541574792,-12.924606600793773,,,
epoch030_train_16_ha_seg101,30,16,101,1,16000,28096,28096,-0.04495133141080426,-33.00193168657405,3.361488103866577,0.3721348267129088,-5.952007142580452,5.9070558111696485,,,
epoch030_train_16_ha_seg101,30,16,101,2,16000,28096,28096,-0.1265507273055848,-39.37209069377708,1.0286682844161987,0.2991582223900606,-6.874348711907334,6.74779798460175,,,
epoch002_train_15_ha_seg229,2,15,229,0,16000,64000,64000,-15.397949366077397,-19.352036448223547,1.071311354637146,0.3336490587686573,-19.618513258500286,4.22056389242289,,,
epoch002_train_15_ha_seg229,2,15,229,1,16000,64000,64000,-0.6534038908941868,-47.45650466262245,1.063728928565979,0.17839177565675754,-19.15061117677244,18.497207285878254,,,
epoch002_train_15_ha_seg229,2,15,229,2,16000,64000,64000,-0.14640569291272582,-42.247694576389804,1.0600535869598389,0.46681239076375514,-12.449057901312301,12.302652208399575,,,
epoch026_train_28_ha_seg008,26,28,8,0,16000,17856,17856,-8.609132077752808,-20.438256838273638,1.0450645685195923,0.5018843976433738,-7.625878618361578,-0.9832534593912294,,,
epoch026_train_28_ha_seg008,26,28,8,1,16000,17856,17856,-0.0505711962895187,-37.08995135131284,1.054933786392212,0.2784199319038895,-12.13868203490869,12.088110838619171,,,
epoch026_train_28_ha_seg008,26,28,8,2,16000,17856,17856,-0.041081102476384086,-31.167471340085303,1.089895248413086,0.27214058312342687,-7.963622612743735,7.922541510267351,,,
epoch034_train_29_ha_seg036,34,29,36,0,16000,10176,10176,-4.903318038221486,-10.404966388504755,1.1172064542770386,0.5809479083896221,-7.016360141755263,2.113042103533777,,,
epoch034_train_29_ha_seg036,34,29,36,1,16000,10176,10176,-0.6170589730995673,-23.751689664287245,1.0787616968154907,0.44218095250436645,-14.438611674731296,13.82155270163173,,,
epoch034_train_29_ha_seg036,34,29,36,2,16000,10176,10176,0.005392057273708779,-26.988901471380533,1.0231480598449707,0.3268756082345855,-4.061129073249152,4.066521130522861,,,
epoch030_train_25_ha_seg117,30,25,117,0,16000,9664,9664,-4.173604979764225,-6.047085753638485,1.2530596256256104,0.23685899148690043,-9.865803729560783,5.692198749796558,,,
epoch030_train_25_ha_seg117,30,25,117,1,16000,9664,9664,-0.10295928870989507,-28.878806179415992,1.0333318710327148,0.39525670416644526,-5.462001678410976,5.359042389701081,,,
epoch030_train_25_ha_seg117,30,25,117,2,16000,9664,9664,-1.6035417753058918,-24.2750473256402,1.0669034719467163,1e-05,-22.16616577123604,20.56262399593015,,,
epoch012_train_28_ha_seg082,12,28,82,0,16000,9152,9152,-11.376053642794917,-12.714438167767918,1.1872488260269165,0.45308020288158213,-7.19033892669731,-4.185714716097607,,,
epoch012_train_28_ha_seg082,12,28,82,1,16000,9152,9152,-0.0721220454243358,-38.126389064083504,1.0447978973388672,0.4160788137014452,-4.18784516166969,4.115723116245355,,,
epoch012_train_28_ha_seg082,12,28,82,2,16000,9152,9152,-0.20873895237855722,-28.921015521992437,1.1605112552642822,0.4432056118004052,-8.711083130494698,8.502344178116141,,,
epoch020_train_07_ha_seg057,20,7,57,0,16000,11200,11200,-15.966715105725452,-21.09773072180917,1.2954120635986328,0.41297122788359325,-33.76196105202545,17.795245946299996,,,
epoch020_train_07_ha_seg057,20,7,57,1,16000,11200,11200,-1.5865817088251333,-19.59431946265741,1.2920328378677368,1e-05,-38.49197087833299,36.905389169507856,,,
epoch020_train_07_ha_seg057,20,7,57,2,16000,11200,11200,-0.012188538657648693,-43.95770510350577,1.071982502937317,0.578650572605561,-18.859602977588004,18.847414438930354,,,
epoch036_train_07_ha_seg117,36,7,117,0,16000,60864,60864,-3.0846582641599882,-22.23246260511464,1.0898284912109375,0.6438481129088887,-21.503459038242415,18.418800774082428,,,
epoch036_train_07_ha_seg117,36,7,117,1,16000,60864,60864,-0.0031388868031274474,-28.049989953988906,1.0511999130249023,0.2792921825287091,-26.192279602545693,26.189140715742564,,,
epoch036_train_07_ha_seg117,36,7,117,2,16000,60864,60864,-0.009085063172209987,-31.008222177748664,1.0586400032043457,0.6169715462842031,-24.768434199309763,24.75934913613755,,,
epoch016_train_16_ha_seg187,16,16,187,0,16000,38336,38336,-12.735739780629542,-27.265433904474534,1.1819006204605103,0.6057874758758206,-13.649348863834765,0.9136090832052233,,,
epoch016_train_16_ha_seg187,16,16,187,1,16000,38336,38336,-7.892548051943848,-40.924488123356106,1.025733470916748,0.1622852559960616,-41.82363043457762,33.931082382633775,,,
epoch016_train_16_ha_seg187,16,16,187,2,16000,38336,38336,-0.06277526833944996,-35.30105206855452,1.213317632675171,0.3170931847145417,-13.75239428922839,13.689619020888939,,,
epoch006_train_28_ha_seg062,6,28,62,0,16000,54208,54208,-13.236659918238827,-14.607697132812387,1.0513107776641846,0.6103658603026519,-6.236142371269018,-7.000517546969808,,,
epoch006_train_28_ha_seg062,6,28,62,1,16000,54208,54208,-0.07938377300905881,-39.5872152938101,3.8055737018585205,0.4038099998884655,-7.785587613953608,7.70620384094455,,,
epoch006_train_28_ha_seg062,6,28,62,2,16000,54208,54208,-0.058933018264447384,-50.301743926800015,1.0683835744857788,0.3784347946762076,-5.121245888199638,5.062312869935191,,,
epoch004_train_16_ha_seg077,4,16,77,0,16000,22464,22464,-9.004716935697786,-32.98536334705752,1.041649341583252,0.38245666616017465,-7.447938434743868,-1.556778500953918,,,
epoch004_train_16_ha_seg077,4,16,77,1,16000,22464,22464,-0.26392193689344945,-33.22810303793234,1.0421161651611328,0.2611075052543209,-5.153446317684468,4.889524380791018,,,
epoch004_train_16_ha_seg077,4,16,77,2,16000,22464,22464,-0.12058915256362816,-42.85403771610571,3.4120521545410156,0.3712995031621328,-3.202240321051297,3.0816511684876686,,,
epoch034_train_12_ha_seg126,34,12,126,0,16000,6080,6080,-27.980557390422717,-7.201169037772464,1.1013388633728027,1e-05,-13.937301909572115,-14.043255480850602,,,
epoch034_train_12_ha_seg126,34,12,126,1,16000,6080,6080,-0.0339868020422764,-33.418897932408704,1.0780677795410156,1e-05,-2.5675315235738823,2.533544721531606,,,
epoch034_train_12_ha_seg126,34,12,126,2,16000,6080,6080,-0.2212959184906519,-27.66791491960742,1.0348752737045288,1e-05,-5.03649047744112,4.815194558950468,,,
epoch028_train_03_ha_seg041,28,3,41,0,16000,9664,9664,-5.878110697465352,-27.84509873249581,1.073001503944397,0.6682050728818092,-16.13465591076037,10.256545213295016,,,
epoch028_train_03_ha_seg041,28,3,41,1,16000,9664,9664,-0.8934597610964158,-36.11201261820618,1.0955709218978882,0.21803296566562116,-25.735763888053423,24.842304126957007,,,
epoch028_train_03_ha_seg041,28,3,41,2,16000,9664,9664,-0.08106474822789786,-36.23593807960561,1.0255573987960815,0.2707738316365525,-14.06328867263646,13.982223924408563,,,
epoch022_train_29_ha_seg053,22,29,53,0,16000,57280,57280,-4.158984957633507,-13.561946483688308,1.2949256896972656,0.6483946712170306,-4.037311888113927,-0.12167306951957979,,,
epoch022_train_29_ha_seg053,22,29,53,1,16000,57280,57280,-0.9119164598701456,-40.07868179840186,1.0781621932983398,0.26945071350537436,-19.846639729765712,18.934723269895567,,,
epoch022_train_29_ha_seg053,22,29,53,2,16000,57280,57280,-0.14148327906704586,-36.993445978466156,1.1895681619644165,0.38867542752260587,-14.230159911214024,14.088676632146978,,,
epoch014_train_30_ha_seg060,14,30,60,0,16000,15296,15296,-5.248800239011473,-22.906349305117004,1.2505799531936646,0.5410131018873536,-12.688760808713713,7.43996056970224,,,
epoch014_train_30_ha_seg060,14,30,60,1,16000,15296,15296,-0.03806783917884994,-41.62725490368202,1.090458869934082,0.45875262347728446,-9.989845339657691,9.95177750047884,,,
epoch014_train_30_ha_seg060,14,30,60,2,16000,15296,15296,-0.0155046719581978,-30.003876310823276,1.0389742851257324,0.3266346302106275,-11.467360266177579,11.451855594219381,,,
epoch000_train_09_ha_seg148,0,9,148,0,16000,11712,11712,-15.483270715911836,-42.52687249835975,1.1159541606903076,0.4924059238262379,-10.40880928249236,-5.074461433419476,,,
epoch000_train_09_ha_seg148,0,9,148,1,16000,11712,11712,-7.497330800914506,-37.57242365733011,1.0496708154678345,0.5181776531260814,-4.1641147953696525,-3.3332160055448536,,,
epoch000_train_09_ha_seg148,0,9,148,2,16000,11712,11712,-6.783257443203707,-35.44837811166196,1.051783561706543,0.3916636255119064,-3.349602271368468,-3.4336551718352393,,,
epoch036_train_26_ha_seg055,36,26,55,0,16000,41920,41920,-5.053924078656706,-8.688881029889519,1.1913703680038452,0.5664949518955048,-5.9035424849433396,0.8496184062866332,,,
epoch036_train_26_ha_seg055,36,26,55,1,16000,41920,41920,-0.7449236219626597,-25.94754654672429,1.1260260343551636,1e-05,-19.792920267774097,19.047996645811438,,,
epoch036_train_26_ha_seg055,36,26,55,2,16000,41920,41920,-0.012074460172645605,-39.60146124849744,1.080006718635559,0.35008937587088207,-3.783469017135912,3.7713945569632665,,,
epoch012_train_29_ha_seg050,12,29,50,0,16000,64000,64000,-5.647812802830376,-8.248789662605432,1.5937429666519165,0.7605851102265156,-2.18423472124959,-3.4635780815807857,,,
epoch012_train_29_ha_seg050,12,29,50,1,16000,64000,64000,-inf,,,0.0,-inf,,,,
epoch012_train_29_ha_seg050,12,29,50,2,16000,64000,64000,-inf,,,0.0,-inf,,,,
epoch046_train_08_ha_seg137,46,8,137,0,16000,16832,16832,-5.742854291383006,-6.657486301046295,1.2304478883743286,0.5558138197602487,-4.5972815095503154,-1.1455727818326906,,,
epoch046_train_08_ha_seg137,46,8,137,1,16000,16832,16832,-0.029730942053874332,-40.11376851880645,1.0290921926498413,0.33055899582241954,-6.453923995985628,6.424193053931753,,,
epoch046_train_08_ha_seg137,46,8,137,2,16000,16832,16832,-0.06203398455557246,-31.631644246598434,1.022066354751587,0.31789908926532756,-7.798250532675412,7.736216548119839,,,
epoch046_train_04_ha_seg034,46,4,34,0,16000,9664,9664,-12.391296124283773,-8.182518828709554,1.066666841506958,0.777045306794451,-8.260736188775805,-4.130559935507968,,,
epoch046_train_04_ha_seg034,46,4,34,1,16000,9664,9664,-0.03405035878357683,-26.04432930186011,1.021665096282959,0.22084900103081526,-2.935847182265792,2.9017968234822153,,,
epoch046_train_04_ha_seg034,46,4,34,2,16000,9664,9664,-1.866422317495593,-20.124012436245845,1.0301419496536255,1e-05,-19.34974489469355,17.483322577197956,,,
epoch024_train_28_ha_seg012,24,28,12,0,16000,10688,10688,-13.68845385202124,-23.44223402904786,1.0842628479003906,0.5691771129897566,-8.912667335673426,-4.775786516347814,,,
epoch024_train_28_ha_seg012,24,28,12,1,16000,10688,10688,-0.012248456974663077,-35.05597525168622,1.0359786748886108,0.07767065863008195,-4.237133505058529,4.224885048083866,,,
epoch024_train_28_ha_seg012,24,28,12,2,16000,10688,10688,-0.094242326806691,-26.404531576171813,1.0261447429656982,0.44051045087727014,-5.7311556704994775,5.636913343692786,,,
epoch010_train_23_ha_seg099,10,23,99,0,16000,64000,64000,-14.28445571959692,-10.075113687887505,1.18575119972229,0.6328950273610237,-7.837368856923987,-6.447086862672933,,,
epoch010_train_23_ha_seg099,10,23,99,1,16000,64000,64000,-0.6820398297843002,-33.31528593082836,1.1328036785125732,0.6268043940121241,-15.674946852775584,14.992907022991284,,,
epoch010_train_23_ha_seg099,10,23,99,2,16000,64000,64000,-0.06772249458048878,-45.00370624174949,1.043997883796692,0.37935377848036894,-6.240439147520224,6.1727166529397355,,,
epoch022_train_26_ha_seg012,22,26,12,0,16000,29632,29632,-4.881388402289254,-20.794888961025528,1.398659348487854,0.6345392955640056,-6.2505251579870125,1.3691367556977587,,,
epoch022_train_26_ha_seg012,22,26,12,1,16000,29632,29632,-0.05457223892976364,-41.753273143102106,3.8995487689971924,0.3585336880620705,-7.171270138963719,7.116697900033955,,,
epoch022_train_26_ha_seg012,22,26,12,2,16000,29632,29632,-0.014290105142770562,-45.29852831357685,1.1208865642547607,0.33766182456013666,-2.621121150794689,2.606831045651919,,,
epoch046_train_07_ha_seg125,46,7,125,0,16000,13760,13760,-1.6335917040469519,-31.431409722484336,1.3202028274536133,0.7831932164118743,-8.822557819990767,7.188966115943815,,,
epoch046_train_07_ha_seg125,46,7,125,1,16000,13760,13760,-0.24458948386441504,-24.235025108007346,1.0680822134017944,1e-05,-23.183738449460574,22.939148965596157,,,
epoch046_train_07_ha_seg125,46,7,125,2,16000,13760,13760,-0.028756751801981287,-29.277568565136157,1.0297820568084717,0.323509237462079,-12.676025650972726,12.647268899170744,,,
epoch026_train_10_ha_seg125,26,10,125,0,16000,9664,9664,-15.189023101676602,-10.724208035866042,1.296932339668274,0.46858353429236943,-12.31608613676784,-2.872936964908762,,,
epoch026_train_10_ha_seg125,26,10,125,1,16000,9664,9664,-0.03524306794391838,-49.983541407193115,1.0255486965179443,0.4978104841218385,-3.2670837355553513,3.231840667611433,,,
epoch026_train_10_ha_seg125,26,10,125,2,16000,9664,9664,-0.5052445471128187,-32.3795472053996,1.0482970476150513,0.2588272814041093,-11.719434876318937,11.214190329206119,,,
epoch006_train_18_ha_seg088,6,18,88,0,16000,64000,64000,-6.096845840253059,-18.336552502616833,1.1211107969284058,0.6786878790269762,-14.443967527350916,8.347121687097857,,,
epoch006_train_18_ha_seg088,6,18,88,1,16000,64000,64000,-0.19163595651131737,-54.91587402478067,1.0479116439819336,0.3810448270978825,-14.948811600249625,14.757175643738307,,,
epoch006_train_18_ha_seg088,6,18,88,2,16000,64000,64000,-4.063411838287253,-46.518612297463946,1.3600120544433594,0.34671392295426684,-30.862828340789843,26.799416502502588,,,
epoch008_train_10_ha_seg075,8,10,75,0,16000,5568,5568,-7.302557950550559,-15.76001487780694,1.4214155673980713,1e-05,-8.633444684729465,1.3308867341789057,,,
epoch008_train_10_ha_seg075,8,10,75,1,16000,5568,5568,-0.04996242377439279,-43.31020809428872,1.0555490255355835,1e-05,-7.454440942673299,7.404478518898906,,,
epoch008_train_10_ha_seg075,8,10,75,2,16000,5568,5568,-0.5472599697537206,-27.65139979940049,1.134328842163086,1e-05,-17.585860074105707,17.038600104351985,,,
epoch038_train_12_ha_seg057,38,12,57,0,16000,10176,10176,-18.00556210025627,-19.151700131673795,1.0213135480880737,0.14307166911492014,-11.446088804140482,-6.559473296115788,,,
epoch038_train_12_ha_seg057,38,12,57,1,16000,10176,10176,-0.06527928087710295,-35.60774256284879,1.0753437280654907,1e-05,-7.186407023902179,7.121127743025076,,,
epoch038_train_12_ha_seg057,38,12,57,2,16000,10176,10176,-0.22043582458522126,-34.24451549109589,1.0519715547561646,0.39400548059832136,-8.407907204743278,8.187471380158057,,,
epoch032_train_08_ha_seg107,32,8,107,0,16000,5056,5056,-5.7882891270427965,-21.43036645303855,1.1561447381973267,1e-05,-8.087459219158612,2.2991700921158156,,,
epoch032_train_08_ha_seg107,32,8,107,1,16000,5056,5056,-0.1684561417429058,-36.3011481422241,1.085358738899231,1e-05,-10.529472208844531,10.361016067101625,,,
epoch032_train_08_ha_seg107,32,8,107,2,16000,5056,5056,-0.008602806878392103,-33.164325716038505,1.045450210571289,1e-05,-0.764887687000158,0.7562848801217659,,,
epoch034_train_27_ha_seg040,34,27,40,0,16000,25536,25536,-3.3939414382933224,-19.03405599702138,1.1103802919387817,0.6878729811001415,-4.915699740387345,1.5217583020940229,,,
epoch034_train_27_ha_seg040,34,27,40,1,16000,25536,25536,-0.11202521954543093,-37.81589102942549,1.0248076915740967,0.2334922018574576,-9.852225699055587,9.740200479510156,,,
epoch034_train_27_ha_seg040,34,27,40,2,16000,25536,25536,-0.04755390901809356,-50.227741449339966,1.0557570457458496,0.4326425087434221,-6.889361052061869,6.841807143043775,,,
epoch004_train_08_ha_seg156,4,8,156,0,16000,34240,34240,-11.674534010876975,-33.61770663707485,1.1334524154663086,0.5598832951786961,-14.683348677336735,3.0088146664597595,,,
epoch004_train_08_ha_seg156,4,8,156,1,16000,34240,34240,-0.18955466800095233,-49.357400679195976,1.8776862621307373,0.22378458818207056,-8.072288990815029,7.882734322814076,,,
epoch004_train_08_ha_seg156,4,8,156,2,16000,34240,34240,-0.15917507540694842,-38.06067920566165,1.0441302061080933,0.3779436243517515,-6.686546550223104,6.527371474816156,,,
epoch020_train_26_ha_seg056,20,26,56,0,16000,64000,64000,-6.191101694867472,-12.285371003609063,1.2474820613861084,0.6806587435548755,-5.601183104593291,-0.5899185902741806,,,
epoch020_train_26_ha_seg056,20,26,56,1,16000,64000,64000,-inf,,,0.0,-inf,,,,
epoch020_train_26_ha_seg056,20,26,56,2,16000,64000,64000,-inf,,,0.0,-inf,,,,
epoch006_train_26_ha_seg023,6,26,23,0,16000,13248,13248,-5.243290354425651,-13.862590602672904,1.136053442955017,0.6761038223225667,-5.190963091787979,-0.05232726263767162,,,
epoch006_train_26_ha_seg023,6,26,23,1,16000,13248,13248,-0.3983011790888841,-43.21000796708665,1.0236589908599854,0.44049696723340326,-6.546755860349282,6.1484546812603975,,,
epoch006_train_26_ha_seg023,6,26,23,2,16000,13248,13248,-0.8158843051354532,-30.295697260822255,1.0240530967712402,0.5801641120972968,-9.75867300577248,8.942788700637026,,,
epoch012_train_16_ha_seg031,12,16,31,0,16000,42432,42432,-14.6901404163652,-10.11146143402918,1.1327757835388184,0.819970388815587,-2.5339404876438247,-12.156199928721374,,,
epoch012_train_16_ha_seg031,12,16,31,1,16000,42432,42432,-0.3210800925862919,-34.986718940282394,1.0275260210037231,0.3072854027906057,-6.583877394493082,6.26279730190679,,,
epoch012_train_16_ha_seg031,12,16,31,2,16000,42432,42432,-0.3515421285574304,-55.39926522836947,1.1099543571472168,0.3819484931065552,-9.189562863072531,8.838020734515101,,,
epoch004_train_28_ha_seg005,4,28,5,0,16000,61376,61376,-16.438659217406247,-14.39973572374559,1.0670137405395508,0.5568494654821239,-9.658604326705492,-6.780054890700756,,,
epoch004_train_28_ha_seg005,4,28,5,1,16000,61376,61376,-5.572047635190368,-54.04732484742186,1.0625497102737427,0.37568500206164285,-20.534104708975875,14.962057073785505,,,
epoch004_train_28_ha_seg005,4,28,5,2,16000,61376,61376,-0.7310951424654313,-46.59083914281939,1.1603270769119263,1e-05,-9.659648485709031,8.9285533432436,,,
epoch010_train_02_ha_seg014,10,2,14,0,16000,25024,25024,-9.973884348333792,-13.028756407527666,1.2221518754959106,0.5938846462495008,-15.50003425771855,5.526149909384758,,,
epoch010_train_02_ha_seg014,10,2,14,1,16000,25024,25024,-0.08006974272140935,-50.32274067100304,2.8977432250976562,0.40837182859073623,-15.69767871248727,15.617608969765861,,,
epoch010_train_02_ha_seg014,10,2,14,2,16000,25024,25024,-0.22960190760291288,-36.451051101585065,1.0275673866271973,0.48979836989987524,-19.94982044232932,19.720218534726406,,,
epoch010_train_09_ha_seg121,10,9,121,0,16000,64000,64000,-6.577444856400165,-14.505944744959523,1.076568365097046,0.5004233111940928,-11.57875259210279,5.001307735702625,,,
epoch010_train_09_ha_seg121,10,9,121,1,16000,64000,64000,-0.28109551310458497,-27.433062250424697,2.188744068145752,0.3190852406689944,-11.928671565058997,11.647576051954411,,,
epoch010_train_09_ha_seg121,10,9,121,2,16000,64000,64000,-0.21350887084505465,-45.34758728105919,1.0665562152862549,0.2749125405218462,-11.299518027306107,11.086009156461053,,,
epoch036_train_12_ha_seg055,36,12,55,0,16000,17856,17856,-18.96664938944652,-10.646271473358498,1.0479626655578613,0.33702082517301835,-5.932333591792204,-13.034315797654315,,,
epoch036_train_12_ha_seg055,36,12,55,1,16000,17856,17856,-0.2911273640231818,-43.347902443952336,1.061559796333313,0.25592674089975914,-6.765158622828333,6.474031258805152,,,
epoch036_train_12_ha_seg055,36,12,55,2,16000,17856,17856,-0.06120780626626367,-29.6436435321395,1.028540849685669,0.29405864161244866,-1.6033129843738745,1.5421051781076107,,,
epoch014_train_15_ha_seg123,14,15,123,0,16000,5056,5056,-5.037543829666968,-20.53629950113162,1.0738818645477295,1e-05,-23.60503269201832,18.56748886235135,,,
epoch014_train_15_ha_seg123,14,15,123,1,16000,5056,5056,-0.11857819609080793,-37.39585475074065,1.0476551055908203,1e-05,-19.99080607582393,19.87222787973312,,,
epoch014_train_15_ha_seg123,14,15,123,2,16000,5056,5056,-2.266740411846556,-45.8255386845933,1.0840511322021484,1e-05,-34.789230778045955,32.5224903661994,,,
epoch028_train_04_ha_seg166,28,4,166,0,16000,13760,13760,-17.584346909393144,-12.138623030017746,1.0906611680984497,0.5369586947149935,-15.309613583446822,-2.274733325946322,,,
epoch028_train_04_ha_seg166,28,4,166,1,16000,13760,13760,-0.8599616420881881,-33.54468448078703,1.1132136583328247,1e-05,-20.694422164382935,19.834460522294748,,,
epoch028_train_04_ha_seg166,28,4,166,2,16000,13760,13760,-0.5292374386198894,-27.596617995014675,1.0460399389266968,1e-05,-15.753155221493767,15.223917782873878,,,
epoch004_train_17_ha_seg073,4,17,73,0,16000,64000,64000,0.11385409284689818,-13.932656927332625,1.067521333694458,0.5110755282299778,-3.289687079928524,3.403541172775422,,,
epoch004_train_17_ha_seg073,4,17,73,1,16000,64000,64000,-inf,,,0.0,-inf,,,,
epoch004_train_17_ha_seg073,4,17,73,2,16000,64000,64000,-0.32667391604442103,-40.53593337543094,1.0318121910095215,0.406221741347766,-5.904311643692235,5.577637727647814,,,
epoch008_train_10_ha_seg127,8,10,127,0,16000,5568,5568,-19.018472733424577,-15.37457374023992,1.482595682144165,1e-05,-7.354791416644745,-11.663681316779833,,,
epoch008_train_10_ha_seg127,8,10,127,1,16000,5568,5568,-2.2053222046508076,-39.07164476473084,1.0777161121368408,1e-05,-5.779127969789737,3.5738057651389297,,,
epoch008_train_10_ha_seg127,8,10,127,2,16000,5568,5568,-0.9439518206919202,-25.06221756218007,1.1023460626602173,1e-05,-3.302986264678454,2.359034443986534,,,
epoch002_train_25_ha_seg086,2,25,86,0,16000,37312,37312,-1.5313524378360601,-17.2035197915132,1.0355373620986938,0.4238573924871245,-9.125423199224112,7.5940707613880525,,,
epoch002_train_25_ha_seg086,2,25,86,1,16000,37312,37312,-1.1681128020948277,-37.75202676980285,1.1492609977722168,0.3322621205960027,-19.680131686710897,18.51201888461607,,,
epoch002_train_25_ha_seg086,2,25,86,2,16000,37312,37312,-0.5653642160542807,-35.44593669140815,1.0191043615341187,0.409563088008141,-15.032263797936444,14.466899581882164,,,
epoch026_train_24_ha_seg017,26,24,17,0,16000,35776,35776,-11.732284139135633,-39.719856407394225,1.0999096632003784,0.5143159763035976,-6.253548423617602,-5.478735715518031,,,
epoch026_train_24_ha_seg017,26,24,17,1,16000,35776,35776,-0.09758886291644941,-44.92460601503882,1.0966243743896484,0.3249031595272864,-5.681552843125509,5.5839639802090595,,,
epoch026_train_24_ha_seg017,26,24,17,2,16000,35776,35776,-1.1190549200928437,-38.94043174831183,1.070341944694519,0.2885018711411236,-14.096011143002976,12.976956222910133,,,
epoch032_train_11_ha_seg015,32,11,15,0,16000,9152,9152,-25.759686622745782,-17.908293053757664,1.0875625610351562,0.3262382028377311,-17.357307789335263,-8.40237883341052,,,
epoch032_train_11_ha_seg015,32,11,15,1,16000,9152,9152,-4.304843223718094,-35.5138882411684,1.0402783155441284,-0.01985334493763604,-24.53483445856316,20.229991234845066,,,
epoch032_train_11_ha_seg015,32,11,15,2,16000,9152,9152,-1.3801963849916898,-23.075511976913216,1.0693225860595703,0.30528143342438274,-16.753595535174256,15.373399150182566,,,
epoch010_train_28_ha_seg088,10,28,88,0,16000,7616,7616,-25.259487445933793,-10.318665231475117,1.0485765933990479,0.52783885935827,-15.901471780131972,-9.35801566580182,,,
epoch010_train_28_ha_seg088,10,28,88,1,16000,7616,7616,-0.35185136118330473,-40.74840545331567,1.0216339826583862,0.35599885266940473,-7.397664778875347,7.045813417692043,,,
epoch010_train_28_ha_seg088,10,28,88,2,16000,7616,7616,0.003059001138986752,-27.193128700592595,1.0428329706192017,0.22613327628620658,-1.0313039181263384,1.0343629192653252,,,
epoch050_train_15_ha_seg153,50,15,153,0,16000,34752,34752,-9.075583000544803,-11.305556779316833,1.2138924598693848,0.6645272931586851,-6.6534067183853285,-2.422176282159475,,,
epoch050_train_15_ha_seg153,50,15,153,1,16000,34752,34752,-0.054596511281345766,-27.534672799031384,1.1621187925338745,0.4415057483732579,-8.05845633889822,8.003859827616873,,,
epoch050_train_15_ha_seg153,50,15,153,2,16000,34752,34752,-0.040989280638423976,-35.87263988803197,3.0589089393615723,0.4295956513603409,-4.932104495613211,4.8911152149747865,,,
epoch016_train_13_ha_seg088,16,13,88,0,16000,64000,64000,-6.984329520064736,-11.219864693515877,1.1511294841766357,0.669525254765098,-6.377010547732755,-0.6073189723319805,,,
epoch016_train_13_ha_seg088,16,13,88,1,16000,64000,64000,-0.05821797278037376,-35.964201860254754,1.2611654996871948,0.30571262243309966,-11.008327388856745,10.950109416076371,,,
epoch016_train_13_ha_seg088,16,13,88,2,16000,64000,64000,-0.16500774757237016,-66.17249866387853,1.131133794784546,0.4724154034202155,-14.101394467213213,13.936386719640844,,,
epoch040_train_14_ha_seg063,40,14,63,0,16000,64000,64000,-1.7463237738288793,-25.80614903030324,1.1147069931030273,0.5750999327781798,-8.809776576417145,7.063452802588265,,,
epoch040_train_14_ha_seg063,40,14,63,1,16000,64000,64000,-0.17822000373120955,-44.30402121201596,1.936603307723999,0.3316897609613188,-18.039489667456163,17.861269663724954,,,
epoch040_train_14_ha_seg063,40,14,63,2,16000,64000,64000,-3.132204225078947,-34.73991043104234,1.1206777095794678,0.03904580018045101,-30.20485169333217,27.072647468253223,,,
epoch050_train_12_ha_seg138,50,12,138,0,16000,6080,6080,-12.557518817116858,-13.92647093934778,1.1021748781204224,1e-05,-6.330431549906633,-6.227087267210225,,,
epoch050_train_12_ha_seg138,50,12,138,1,16000,6080,6080,-2.4919608821039603,-13.067343950431617,1.2081446647644043,1e-05,-17.810428114745463,15.318467232641503,,,
epoch050_train_12_ha_seg138,50,12,138,2,16000,6080,6080,-0.05377971045534222,-23.67763317178962,1.0412495136260986,1e-05,-5.366378253036974,5.3125985425816316,,,
epoch044_train_25_ha_seg062,44,25,62,0,16000,50624,50624,-4.892599608791647,-4.602026493356163,1.1906684637069702,0.49991383860889754,-10.062220245019944,5.169620636228297,,,
epoch044_train_25_ha_seg062,44,25,62,1,16000,50624,50624,-0.29201883537828094,-23.07162838505452,1.3519377708435059,0.2983005530337114,-12.6546315264256,12.36261269104732,,,
epoch044_train_25_ha_seg062,44,25,62,2,16000,50624,50624,-0.038894124953745425,-33.67760537689125,1.037105679512024,0.2864124419958551,-7.188477703655945,7.1495835787022,,,
epoch040_train_14_ha_seg125,40,14,125,0,16000,28096,28096,-8.260871912625877,-6.846967846194934,1.1977026462554932,0.5426158467503103,-10.838964636749681,2.5780927241238043,,,
epoch040_train_14_ha_seg125,40,14,125,1,16000,28096,28096,-4.564356378461031,-20.430939620796906,1.0910848379135132,1e-05,-26.478834914121947,21.914478535660916,,,
epoch040_train_14_ha_seg125,40,14,125,2,16000,28096,28096,-0.4397541837643901,-25.502142700773337,1.0499299764633179,0.44659794916119505,-12.566111061082877,12.126356877318486,,,
epoch024_train_09_ha_seg030,24,9,30,0,16000,24000,24000,-6.901015329852004,-9.760880571370938,1.232440710067749,0.5799791339213928,-9.886007713469919,2.9849923836179153,,,
epoch024_train_09_ha_seg030,24,9,30,1,16000,24000,24000,-0.038404009713983986,-33.37851509753237,1.0252381563186646,0.4616138170016596,-10.174487219835411,10.136083210121427,,,
epoch024_train_09_ha_seg030,24,9,30,2,16000,24000,24000,-0.054109128399877,-35.623144016999234,1.036458134651184,0.3076589935313395,-10.467711238582996,10.413602110183119,,,
epoch048_train_26_ha_seg016,48,26,16,0,16000,5568,5568,-4.918192001282201,-7.315873352676727,2.645446300506592,1e-05,-6.989399637712347,2.0712076364301453,,,
epoch048_train_26_ha_seg016,48,26,16,1,16000,5568,5568,-0.6634704713179922,-22.95252613436244,1.0601999759674072,1e-05,-13.125272581789007,12.461802110471014,,,
epoch048_train_26_ha_seg016,48,26,16,2,16000,5568,5568,0.00216565665744006,-28.962228754976454,1.0619807243347168,1e-05,-2.0283279683756557,2.030493625033096,,,
epoch038_train_15_ha_seg153,38,15,153,0,16000,34752,34752,-6.637856602902653,-11.231858137949985,1.1784700155258179,0.6646876222167267,-6.6534067183853285,0.015550115482675153,,,
epoch038_train_15_ha_seg153,38,15,153,1,16000,34752,34752,-0.04117877193001945,-29.4042429861433,1.159409999847412,0.44806112927692726,-8.05845633889822,8.0172775669682,,,
epoch038_train_15_ha_seg153,38,15,153,2,16000,34752,34752,-0.02992964406048084,-37.98426967696819,2.907456636428833,0.48782416567989967,-4.932104495613211,4.90217485155273,,,
epoch024_train_25_ha_seg137,24,25,137,0,16000,14272,14272,-8.64308076461899,-8.473471145762105,1.1941397190093994,0.45948061098774245,-12.197312411763573,3.554231647144583,,,
epoch024_train_25_ha_seg137,24,25,137,1,16000,14272,14272,-0.08925934852937581,-27.466127297460027,1.0243167877197266,0.4614368357851811,-4.540135171514189,4.450875822984813,,,
epoch024_train_25_ha_seg137,24,25,137,2,16000,14272,14272,-0.049414237548927264,-48.452354491591535,1.0222091674804688,0.14549512879549534,-4.869595161773178,4.8201809242242515,,,
epoch002_train_01_ha_seg037,2,1,37,0,16000,24512,24512,-10.797556789204492,-9.563483195175422,1.0485490560531616,0.4616488802353323,-18.107360735961752,7.30980394675726,,,
epoch002_train_01_ha_seg037,2,1,37,1,16000,24512,24512,-0.5099802595693024,-29.815807949665132,1.0170811414718628,0.29050205797348094,-16.965229633866674,16.45524937429737,,,
epoch002_train_01_ha_seg037,2,1,37,2,16000,24512,24512,-3.177302770106527,-37.15645022636695,1.0657926797866821,1e-05,-27.16305194501208,23.98574917490555,,,
epoch030_train_07_ha_seg111,30,7,111,0,16000,64000,64000,-3.8816716736751955,-49.356346960562156,1.2512316703796387,0.5420959670321218,-17.136046186403785,13.254374512728589,,,
epoch030_train_07_ha_seg111,30,7,111,1,16000,64000,64000,-inf,,,0.0,-inf,,,,
epoch030_train_07_ha_seg111,30,7,111,2,16000,64000,64000,-inf,,,0.0,-inf,,,,
epoch016_train_08_ha_seg027,16,8,27,0,16000,10176,10176,-11.501621955676644,-18.167180562985113,1.1505026817321777,0.5392540211155797,-8.906554316291647,-2.5950676393849967,,,
epoch016_train_08_ha_seg027,16,8,27,1,16000,10176,10176,-0.215767978365087,-33.23909309052013,1.025975227355957,0.33284447118884414,-9.271824662730866,9.05605668436578,,,
epoch016_train_08_ha_seg027,16,8,27,2,16000,10176,10176,-0.0727942856768885,-28.853811052671468,1.0415525436401367,0.3675520149334078,-4.375968749952488,4.3031744642756,,,
epoch044_train_10_ha_seg076,44,10,76,0,16000,61376,61376,-6.605148093966815,-9.131964887701736,1.100163221359253,0.5325943600711762,-6.712136739188418,0.10698864522160356,,,
epoch044_train_10_ha_seg076,44,10,76,1,16000,61376,61376,-0.13110064208649647,-23.831429358245213,1.0934332609176636,0.29624135038052934,-16.748085260604306,16.616984618517808,,,
epoch044_train_10_ha_seg076,44,10,76,2,16000,61376,61376,-0.11446270822559466,-19.234018382959185,1.1861168146133423,1e-05,-9.102437038235143,8.987974330009548,,,
epoch016_train_26_ha_seg011,16,26,11,0,16000,64000,64000,-5.729783716029132,-14.509657621912883,1.2682886123657227,0.6211075799487149,-7.3217600092974475,1.5919762932683152,,,
epoch016_train_26_ha_seg011,16,26,11,1,16000,64000,64000,-inf,,,0.0,-inf,,,,
epoch016_train_26_ha_seg011,16,26,11,2,16000,64000,64000,-inf,,,0.0,-inf,,,,
epoch008_train_02_ha_seg139,8,2,139,0,16000,64000,64000,-11.0140106064316,-14.177048836861658,1.2205908298492432,0.5680512539546246,-13.336518365548065,2.322507759116464,,,
epoch008_train_02_ha_seg139,8,2,139,1,16000,64000,64000,-inf,,,0.0,-inf,,,,
epoch008_train_02_ha_seg139,8,2,139,2,16000,64000,64000,-inf,,,0.0,-inf,,,,
epoch030_train_10_ha_seg184,30,10,184,0,16000,10688,10688,-11.394815230595674,-18.474339891478195,1.0699692964553833,0.49192792961608856,-15.471518691140833,4.0767034605451595,,,
epoch030_train_10_ha_seg184,30,10,184,1,16000,10688,10688,-0.11324577437507961,-29.87084568335589,1.0318496227264404,0.38407346748704957,-10.334219786593692,10.220974012218614,,,
epoch030_train_10_ha_seg184,30,10,184,2,16000,10688,10688,-0.10521762567223983,-22.88789492382337,1.0441068410873413,0.46577976199779625,-13.884355715192687,13.779138089520448,,,
epoch030_train_02_ha_seg091,30,2,91,0,16000,64000,64000,-9.210748994905517,-8.107974878343478,1.14851975440979,0.6505216777613541,-18.573187832423528,9.362438837518011,,,
epoch030_train_02_ha_seg091,30,2,91,1,16000,64000,64000,-0.04298232763577799,-35.77109952994856,1.0833332538604736,0.3919372329601432,-17.799295474000385,17.756313146364608,,,
epoch030_train_02_ha_seg091,30,2,91,2,16000,64000,64000,-0.02915906310661281,-43.13716243211252,1.0637667179107666,0.44199482381222643,-15.721161862560432,15.69200279945382,,,
epoch002_train_04_ha_seg174,2,4,174,0,16000,16320,16320,-16.86541156456371,-14.770779184780636,1.0220928192138672,0.43092365271746236,-14.733197884883998,-2.1322136796797135,,,
epoch002_train_04_ha_seg174,2,4,174,1,16000,16320,16320,-0.9204568668224733,-38.6933798569071,1.030571460723877,0.501295006557968,-5.857414343845413,4.93695747702294,,,
epoch002_train_04_ha_seg174,2,4,174,2,16000,16320,16320,-0.18291558536844488,-37.130726463554225,1.0275546312332153,0.3305876629275819,-1.6610012589939613,1.4780856736255163,,,
epoch022_train_25_ha_seg045,22,25,45,0,16000,5568,5568,-15.812788400562239,-6.57750526982491,1.3697893619537354,1e-05,-16.4168738483068,0.604085447744561,,,
epoch022_train_25_ha_seg045,22,25,45,1,16000,5568,5568,-0.07655549825668641,-17.71236207764987,1.0507718324661255,1e-05,-2.813409841942777,2.7368543436860904,,,
epoch022_train_25_ha_seg045,22,25,45,2,16000,5568,5568,-2.2142317388161854,-19.424603155038024,1.076529622077942,1e-05,-10.674554075352404,8.460322336536219,,,
epoch032_train_26_ha_seg002,32,26,2,0,16000,21952,21952,-9.797302392897356,-17.236777783161575,1.2384917736053467,0.8282686981605165,-4.8615054328752745,-4.935796960022081,,,
epoch032_train_26_ha_seg002,32,26,2,1,16000,21952,21952,-0.3410221855514105,-39.15205827963882,3.023851156234741,0.37990975580539815,-5.9831768865869615,5.642154701035551,,,
epoch032_train_26_ha_seg002,32,26,2,2,16000,21952,21952,-0.07506750955791446,-39.21218698580394,1.0758962631225586,1e-05,-1.838342300354951,1.7632747907970365,,,
epoch008_train_13_ha_seg183,8,13,183,0,16000,64000,64000,-6.279285865806932,-11.676727703055478,1.0532690286636353,0.5275944418860247,-7.4306097495766945,1.1513238837697628,,,
epoch008_train_13_ha_seg183,8,13,183,1,16000,64000,64000,-12.40432243416291,-45.38302363386724,1.1730287075042725,1e-05,-35.51317202497629,23.10884959081338,,,
epoch008_train_13_ha_seg183,8,13,183,2,16000,64000,64000,-2.9004919279136243,-37.24090452378364,1.2238125801086426,0.0832495616895306,-23.497102077608613,20.59661014969499,,,
epoch028_train_19_ha_seg066,28,19,66,0,16000,17856,17856,-22.78402233261534,-19.178455797453104,1.1749916076660156,0.5117387856316622,-17.096189083599253,-5.687833249016087,,,
epoch028_train_19_ha_seg066,28,19,66,1,16000,17856,17856,-0.04170162273250111,-35.228800771848114,1.0220022201538086,0.3794804339660203,-4.365270928802071,4.32356930606957,,,
epoch028_train_19_ha_seg066,28,19,66,2,16000,17856,17856,-0.19902518339846934,-37.76802474085241,1.0542941093444824,0.36137457611162427,-12.466184278265914,12.267159094867445,,,
epoch014_train_10_ha_seg009,14,10,9,0,16000,54720,54720,-16.249149478764494,-14.908055793285016,1.1271135807037354,0.5951776942771574,-9.311291909209125,-6.937857569555369,,,
epoch014_train_10_ha_seg009,14,10,9,1,16000,54720,54720,-0.07090624022592515,-38.787047523776586,1.4333508014678955,0.3699247876997573,-6.098703020161582,6.027796779935657,,,
epoch014_train_10_ha_seg009,14,10,9,2,16000,54720,54720,-0.11430174978477714,-32.54588444863373,1.0340828895568848,0.2864663656791005,-9.125595767907955,9.011294018123177,,,
epoch042_train_25_ha_seg003,42,25,3,0,16000,22464,22464,-7.083130735786086,-7.896985589875914,1.1339892148971558,0.38358373039695753,-15.815251112117414,8.732120376331327,,,
epoch042_train_25_ha_seg003,42,25,3,1,16000,22464,22464,-0.27268216110768373,-27.190544167398375,1.0995733737945557,0.3769003556459791,-10.253890377793214,9.98120821668553,,,
epoch042_train_25_ha_seg003,42,25,3,2,16000,22464,22464,-3.1804495161906168,-23.57315844434696,1.0685548782348633,0.4791121213341344,-27.449377462428302,24.268927946237685,,,
epoch022_train_26_ha_seg008,22,26,8,0,16000,26560,26560,-2.705524841211187,-12.496848828951473,1.2129249572753906,0.6926213382116893,-7.374060855381326,4.668536014170138,,,
epoch022_train_26_ha_seg008,22,26,8,1,16000,26560,26560,-0.042652119733663424,-36.252161860398566,1.0238791704177856,0.19496992338436506,-8.159304414024897,8.116652294291233,,,
epoch022_train_26_ha_seg008,22,26,8,2,16000,26560,26560,-0.1018385319380617,-33.585852881031244,1.9400149583816528,0.44054955832370507,-10.634360842096289,10.532522310158226,,,
epoch040_train_09_ha_seg218,40,9,218,0,16000,64000,64000,-6.772692056029714,-5.74410837019903,1.1699931621551514,0.512565405894727,-7.801703479723675,1.0290114236939605,,,
epoch040_train_09_ha_seg218,40,9,218,1,16000,64000,64000,-0.1610625400232378,-44.522027749678095,1.1397780179977417,0.377964375964394,-15.447610434024737,15.2865478940015,,,
epoch040_train_09_ha_seg218,40,9,218,2,16000,64000,64000,-0.2504263120861833,-41.06923246266178,1.202755093574524,1e-05,-18.09588949718234,17.845463185096158,,,
epoch020_train_30_ha_seg048,20,30,48,0,16000,27072,27072,-5.514409186760045,-28.4519947811588,1.2351120710372925,0.4902350615849169,-14.141612111358885,8.62720292459884,,,
epoch020_train_30_ha_seg048,20,30,48,1,16000,27072,27072,-0.25907921299977427,-32.406802219194496,1.091291904449463,0.1646012382839926,-19.22871503562283,18.969635822623054,,,
epoch020_train_30_ha_seg048,20,30,48,2,16000,27072,27072,-0.08428714281527724,-44.22770876994843,1.2879408597946167,0.3633472283786559,-14.63111555302557,14.546828410210292,,,
epoch048_train_11_ha_seg029,48,11,29,0,16000,27072,27072,-14.642385181280899,-8.335492727431763,1.142240047454834,0.4738599757625906,-20.574250071602492,5.931864890321593,,,
epoch048_train_11_ha_seg029,48,11,29,1,16000,27072,27072,-1.1732510870760975,-33.624543210978416,1.024959921836853,0.2614570594533553,-30.514747334135997,29.3414962470599,,,
epoch048_train_11_ha_seg029,48,11,29,2,16000,27072,27072,-0.37389403878707617,-26.32992523090482,1.0240705013275146,0.3759426444118152,-25.156986279346235,24.78309224055916,,,
epoch044_train_24_ha_seg023,44,24,23,0,16000,18368,18368,-10.589239025957504,-16.912943448332996,1.233079195022583,0.5706219470189847,-6.1180739754032345,-4.471165050554269,,,
epoch044_train_24_ha_seg023,44,24,23,1,16000,18368,18368,-2.5349908620080637,-39.79813887237539,1.0674916505813599,1e-05,-17.779642346551274,15.24465148454321,,,
epoch044_train_24_ha_seg023,44,24,23,2,16000,18368,18368,-3.4524366967033937,-25.53653451776212,1.0316162109375,0.4110901469649351,-18.219400944656897,14.766964247953503,,,
epoch042_train_24_ha_seg008,42,24,8,0,16000,42432,42432,-4.730881185470629,-20.13438127340279,1.0704423189163208,0.5102258345469596,-4.226553950556636,-0.5043272349139931,,,
epoch042_train_24_ha_seg008,42,24,8,1,16000,42432,42432,-0.04673532739080283,-45.86435304375791,2.710517168045044,0.4435126476128709,-5.928684478867732,5.881949151476929,,,
epoch042_train_24_ha_seg008,42,24,8,2,16000,42432,42432,-0.03937088565049498,-34.7644963036612,3.6291964054107666,0.3946318394000538,-3.753225404265856,3.713854518615361,,,
epoch040_train_25_ha_seg065,40,25,65,0,16000,12224,12224,-9.325637418925789,-2.0230266292921546,1.4176496267318726,0.6077967227506252,-8.49509788413463,-0.8305395347911588,,,
epoch040_train_25_ha_seg065,40,25,65,1,16000,12224,12224,-0.21413773103256176,-20.655586045413223,1.0216456651687622,0.5128364212539706,-8.136807268113134,7.922669537080573,,,
epoch040_train_25_ha_seg065,40,25,65,2,16000,12224,12224,-0.32006265045009497,-23.466555055328776,1.0238683223724365,0.33329833184757346,-7.425915272706477,7.105852622256382,,,
epoch042_train_13_ha_seg130,42,13,130,0,16000,21952,21952,-3.1562950501931097,-15.74191521271402,1.0501350164413452,0.5476812205611963,-4.782867868467414,1.6265728182743042,,,
epoch042_train_13_ha_seg130,42,13,130,1,16000,21952,21952,0.005074341188672078,-26.51446325391596,1.0268465280532837,0.2266652542912725,-4.630604510998132,4.635678852186804,,,
epoch042_train_13_ha_seg130,42,13,130,2,16000,21952,21952,-0.11190179127189273,-24.690623331664444,1.0649994611740112,0.509229368288655,-7.24161592918569,7.129714137913797,,,
epoch048_train_17_ha_seg072,48,17,72,0,16000,6592,6592,0.3000325100587846,-8.712292576832192,1.4594849348068237,0.5703728095968367,-2.8255313310741625,3.125563841132947,,,
epoch048_train_17_ha_seg072,48,17,72,1,16000,6592,6592,-0.0686218870212173,-26.004590707950403,1.0597749948501587,1e-05,-6.101970916188508,6.03334902916729,,,
epoch048_train_17_ha_seg072,48,17,72,2,16000,6592,6592,-0.49907815759071616,-23.523921648381105,1.0292177200317383,0.35343034663231343,-10.105386456025531,9.606308298434815,,,
epoch046_train_30_ha_seg146,46,30,146,0,16000,39872,39872,-3.404485785659277,-28.361589441503266,1.1406809091567993,0.5631610198201498,-14.04279496739643,10.638309181737153,,,
epoch046_train_30_ha_seg146,46,30,146,1,16000,39872,39872,-0.1829913157831785,-41.35222829043758,1.0631095170974731,0.30194308364739625,-21.809209205309998,21.62621788952682,,,
epoch046_train_30_ha_seg146,46,30,146,2,16000,39872,39872,-2.0146746578674932,-32.54885150729592,1.3521921634674072,0.3912406973154186,-31.71189040829752,29.697215750430026,,,
epoch008_train_15_ha_seg105,8,15,105,0,16000,17856,17856,-6.856056267268756,-10.325462100684785,1.0736812353134155,0.49486203174144167,-11.61222440226519,4.756168134996433,,,
epoch008_train_15_ha_seg105,8,15,105,1,16000,17856,17856,-7.281633967862431,-41.31482006706706,1.0280449390411377,0.2275438605130915,-11.841418683939652,4.559784716077221,,,
epoch008_train_15_ha_seg105,8,15,105,2,16000,17856,17856,-0.09886662969702881,-52.12547804877367,1.035760760307312,0.3698320938703883,-5.826742594077567,5.727875964380538,,,
epoch042_train_14_ha_seg099,42,14,99,0,16000,64000,64000,-6.992372340945348,-6.58553585173558,1.1791963577270508,0.5945158820355867,-12.417900245692799,5.425527904747451,,,
epoch042_train_14_ha_seg099,42,14,99,1,16000,64000,64000,-0.03673734763825166,-44.39216474356287,1.07872474193573,0.24846467894859578,-9.27420521675554,9.237467869117289,,,
epoch042_train_14_ha_seg099,42,14,99,2,16000,64000,64000,-0.6795619604167229,-43.008638319069526,1.1685621738433838,1e-05,-20.576199927851913,19.89663796743519,,,
epoch028_train_19_ha_seg061,28,19,61,0,16000,64000,64000,-14.952330801643445,-19.37831870161346,1.4804493188858032,0.5563712305950035,-11.16445948269603,-3.787871318947415,,,
epoch028_train_19_ha_seg061,28,19,61,1,16000,64000,64000,-inf,,,0.0,-inf,,,,
epoch028_train_19_ha_seg061,28,19,61,2,16000,64000,64000,-inf,,,0.0,-inf,,,,
epoch042_train_15_ha_seg158,42,15,158,0,16000,64000,64000,-3.7205863060646016,-28.83391447764028,1.057669758796692,0.5272654028412602,-15.043168329699279,11.322582023634677,,,
epoch042_train_15_ha_seg158,42,15,158,1,16000,64000,64000,-0.05407479154706392,-43.13564542821876,1.0357170104980469,0.3584468642174221,-16.529527060981195,16.475452269434133,,,
epoch042_train_15_ha_seg158,42,15,158,2,16000,64000,64000,-0.001022805385335349,-22.986798846222953,1.1628804206848145,1e-05,-19.375465633651324,19.374442828265988,,,
epoch036_train_25_ha_seg076,36,25,76,0,16000,59840,59840,-3.0600429909272453,-16.637204240095137,1.1842074394226074,0.588861071983049,-9.798828971735357,6.738785980808112,,,
epoch036_train_25_ha_seg076,36,25,76,1,16000,59840,59840,-0.8297375372554622,-31.281374941049073,1.120092749595642,0.3545468874546843,-16.939018026499127,16.109280489243666,,,
epoch036_train_25_ha_seg076,36,25,76,2,16000,59840,59840,-0.17341732395943635,-45.52372612264671,1.0249040126800537,0.34857870732495616,-14.5432445714218,14.369827247462364,,,
epoch034_train_08_ha_seg039,34,8,39,0,16000,22464,22464,-5.245451931856159,-21.057850547813267,1.2354081869125366,0.5901856694737706,-5.693669773953402,0.44821784209724225,,,
epoch034_train_08_ha_seg039,34,8,39,1,16000,22464,22464,-1.6274973396206667,-29.530730600245867,1.0430834293365479,0.2718885508264552,-23.790967975769046,22.16347063614838,,,
epoch034_train_08_ha_seg039,34,8,39,2,16000,22464,22464,-0.033615512355439664,-33.557076354706375,1.069644570350647,0.36270241447561075,-5.532189024015219,5.498573511659779,,,
epoch024_train_13_ha_seg070,24,13,70,0,16000,17344,17344,-5.729926950600337,-22.289968194174463,1.1270169019699097,0.5477854190546508,-7.089684454290085,1.3597575036897478,,,
epoch024_train_13_ha_seg070,24,13,70,1,16000,17344,17344,-0.3323789632381653,-67.92138063510295,1.0178521871566772,0.21697870054773175,-10.857818880525791,10.525439917287626,,,
epoch024_train_13_ha_seg070,24,13,70,2,16000,17344,17344,-0.014397997455863282,-33.38957271957116,1.0269933938980103,0.31898190028795403,-3.723994056854395,3.7095960593985318,,,
epoch002_train_15_ha_seg004,2,15,4,0,16000,25536,25536,-20.516503512615106,-8.97995846853265,1.0559613704681396,0.581373556358898,-10.756100385649201,-9.760403126965905,,,
epoch002_train_15_ha_seg004,2,15,4,1,16000,25536,25536,-4.825050295085483,-42.7081154354036,1.0337824821472168,0.29950199877536726,-15.63205433313808,10.807004038052597,,,
epoch002_train_15_ha_seg004,2,15,4,2,16000,25536,25536,-0.8686493680488636,-27.349753162691343,1.0265754461288452,0.3288742484794866,-7.043036981751889,6.174387613703026,,,
